{
  "alias": "HOBBES5",
  "display": "HOBBES 5",
  "zones": [
    {
      "entry": 1758.61,
      "murta": 1757.0,
      "re_entry": 1843.0,
      "length": 84.3900000000001,
      "default_reentry": false
    },
    {
      "entry": 2003.67,
      "murta": 2005.0,
      "re_entry": 2169.0,
      "length": 165.32999999999993,
      "default_reentry": false
    },
    {
      "entry": 2276.94,
      "murta": 2276.0,
      "re_entry": 2314.07,
      "length": 37.13000000000011,
      "default_reentry": false
    },
    {
      "entry": 2533.88,
      "murta": 2535.0,
      "re_entry": 2583.88,
      "length": 50.0,
      "default_reentry": true
    }
  ]
}