{
  "alias": "STIMPEE7",
  "display": "STIMPEE 7",
  "zones": [
    {
      "entry": 2108.03,
      "murta": 2110.62,
      "re_entry": 2163.43,
      "length": 55.399999999999636,
      "default_reentry": false
    },
    {
      "entry": 2255.06,
      "murta": 2258.0,
      "re_entry": 2306.0,
      "length": 50.940000000000055,
      "default_reentry": false
    },
    {
      "entry": 2513.48,
      "murta": 2515.0,
      "re_entry": 2675.0,
      "length": 161.51999999999998,
      "default_reentry": false
    },
    {
      "entry": 2765.97,
      "murta": 2766.0,
      "re_entry": 2825.94,
      "length": 59.970000000000255,
      "default_reentry": false
    }
  ]
}