{
  "aliases": [
    "JENA31",
    "JENA31DW1",
    "BIALA19",
    "BIALA20",
    "BIALA21",
    "FROSTILLICUS2",
    "GRANCHIO4",
    "HOBBES5",
    "HOBBES6",
    "MCKINLAY20",
    "MCKINLAY21",
    "MCKINLAY22",
    "MCKINLAY23",
    "MCKINLAY24",
    "STIMPEE6",
    "STIMPEE7",
    "TERINGIE6",
    "MCKINLAY10",
    "MCKINLAY11",
    "MCKINLAY12",
    "MCKINLAY13",
    "MCKINLAY14",
    "MCKINLAY15"
  ],
  "features": [
    "mean_pct_ss",
    "mean_grain_ordinal",
    "mean_avg_GR",
    "mean_RES_DEEP",
    "pay_pct",
    "mean_WRCI",
    "pct_high_risk",
    "pct_zoi"
  ],
  "feature_means": [
    91.98936986683667,
    1.3842326108437863,
    89.15922361799771,
    32.24940923073952,
    61.90422165581881,
    24.883731485181315,
    0.027344818156959255,
    1.935958143933055
  ],
  "feature_stds": [
    7.37681632475926,
    1.5084785725683594,
    6.965151658414671,
    7.645068037850418,
    17.08556777036527,
    4.195533443440973,
    0.12825856603290756,
    2.618140408356986
  ],
  "cosine_similarity": [
    [
      1.0,
      -0.2666,
      -0.1985,
      0.1444,
      -0.176,
      0.1628,
      0.6895,
      -0.4656,
      -0.264,
      -0.5633,
      -0.2779,
      -0.4182,
      0.1152,
      -0.7017,
      0.7077,
      0.218,
      -0.4099,
      0.4448,
      0.6629,
      -0.1447,
      0.4385,
      0.092,
      -0.3478
    ],
    [
      -0.2666,
      1.0,
      0.2995,
      -0.0043,
      0.1302,
      0.6129,
      0.0677,
      -0.3593,
      -0.1745,
      0.5387,
      0.309,
      0.5411,
      0.7411,
      0.5556,
      0.2819,
      0.0386,
      -0.3505,
      -0.1686,
      -0.3543,
      -0.2066,
      -0.4536,
      -0.8519,
      -0.6574
    ],
    [
      -0.1985,
      0.2995,
      1.0,
      0.545,
      0.515,
      0.6947,
      0.0616,
      -0.5715,
      0.0679,
      -0.1466,
      -0.0335,
      -0.254,
      0.3038,
      0.2528,
      -0.2882,
      0.1583,
      0.0073,
      -0.4829,
      -0.6244,
      -0.5481,
      -0.548,
      -0.2638,
      -0.4401
    ],
    [
      0.1444,
      -0.0043,
      0.545,
      1.0,
      0.8331,
      0.1857,
      0.4591,
      -0.4511,
      -0.1366,
      -0.7333,
      -0.6516,
      -0.7514,
      -0.0519,
      -0.468,
      0.1339,
      0.8394,
      -0.168,
      -0.176,
      -0.0977,
      -0.1833,
      -0.2388,
      -0.2654,
      -0.4609
    ],
    [
      -0.176,
      0.1302,
      0.515,
      0.8331,
      1.0,
      0.0734,
      0.0589,
      -0.1236,
      0.2875,
      -0.3723,
      -0.3321,
      -0.4262,
      -0.2783,
      -0.0834,
      -0.2085,
      0.5634,
      -0.0702,
      0.0886,
      -0.5113,
      -0.4136,
      -0.6288,
      -0.4505,
      -0.3825
    ],
    [
      0.1628,
      0.6129,
      0.6947,
      0.1857,
      0.0734,
      1.0,
      0.4321,
      -0.8039,
      -0.3406,
      0.0674,
      0.0325,
      0.0073,
      0.7354,
      0.2456,
      0.2553,
      0.0705,
      -0.2602,
      -0.2701,
      -0.2821,
      -0.5234,
      -0.4104,
      -0.4239,
      -0.7063
    ],
    [
      0.6895,
      0.0677,
      0.0616,
      0.4591,
      0.0589,
      0.4321,
      1.0,
      -0.7491,
      -0.7291,
      -0.6348,
      -0.7222,
      -0.586,
      0.4153,
      -0.6886,
      0.7587,
      0.6713,
      -0.3075,
      -0.0286,
      0.5186,
      0.0871,
      0.1676,
      -0.0703,
      -0.5947
    ],
    [
      -0.4656,
      -0.3593,
      -0.5715,
      -0.4511,
      -0.1236,
      -0.8039,
      -0.7491,
      1.0,
      0.4944,
      0.4105,
      0.3577,
      0.376,
      -0.7062,
      0.2976,
      -0.4989,
      -0.371,
      0.1733,
      0.3035,
      -0.0549,
      0.2716,
      0.1198,
      0.3152,
      0.8192
    ],
    [
      -0.264,
      -0.1745,
      0.0679,
      -0.1366,
      0.2875,
      -0.3406,
      -0.7291,
      0.4944,
      1.0,
      0.286,
      0.5976,
      0.3133,
      -0.5326,
      0.3912,
      -0.6438,
      -0.5374,
      0.0987,
      0.4425,
      -0.559,
      -0.4211,
      -0.3521,
      -0.0437,
      0.232
    ],
    [
      -0.5633,
      0.5387,
      -0.1466,
      -0.7333,
      -0.3723,
      0.0674,
      -0.6348,
      0.4105,
      0.286,
      1.0,
      0.8191,
      0.966,
      0.2338,
      0.9042,
      -0.2701,
      -0.6903,
      -0.0394,
      0.0228,
      -0.3917,
      -0.0387,
      -0.2419,
      -0.2704,
      0.1754
    ],
    [
      -0.2779,
      0.309,
      -0.0335,
      -0.6516,
      -0.3321,
      0.0325,
      -0.7222,
      0.3577,
      0.5976,
      0.8191,
      1.0,
      0.8594,
      0.1119,
      0.7797,
      -0.2898,
      -0.8272,
      -0.1553,
      0.1912,
      -0.3513,
      -0.2949,
      -0.0946,
      -0.213,
      0.1653
    ],
    [
      -0.4182,
      0.5411,
      -0.254,
      -0.7514,
      -0.4262,
      0.0073,
      -0.586,
      0.376,
      0.3133,
      0.966,
      0.8594,
      1.0,
      0.2877,
      0.8055,
      -0.1208,
      -0.6962,
      -0.1369,
      0.1101,
      -0.2566,
      0.0139,
      -0.1097,
      -0.3244,
      0.1018
    ],
    [
      0.1152,
      0.7411,
      0.3038,
      -0.0519,
      -0.2783,
      0.7354,
      0.4153,
      -0.7062,
      -0.5326,
      0.2338,
      0.1119,
      0.2877,
      1.0,
      0.1963,
      0.5437,
      0.0593,
      -0.3415,
      -0.4562,
      0.0875,
      0.0474,
      0.0341,
      -0.4601,
      -0.6401
    ],
    [
      -0.7017,
      0.5556,
      0.2528,
      -0.468,
      -0.0834,
      0.2456,
      -0.6886,
      0.2976,
      0.3912,
      0.9042,
      0.7797,
      0.8055,
      0.1963,
      1.0,
      -0.4949,
      -0.6039,
      -0.0006,
      -0.1412,
      -0.6837,
      -0.2699,
      -0.4862,
      -0.31,
      0.1098
    ],
    [
      0.7077,
      0.2819,
      -0.2882,
      0.1339,
      -0.2085,
      0.2553,
      0.7587,
      -0.4989,
      -0.6438,
      -0.2701,
      -0.2898,
      -0.1208,
      0.5437,
      -0.4949,
      1.0,
      0.4613,
      -0.6029,
      0.1422,
      0.7289,
      0.1982,
      0.456,
      -0.3129,
      -0.5299
    ],
    [
      0.218,
      0.0386,
      0.1583,
      0.8394,
      0.5634,
      0.0705,
      0.6713,
      -0.371,
      -0.5374,
      -0.6903,
      -0.8272,
      -0.6962,
      0.0593,
      -0.6039,
      0.4613,
      1.0,
      -0.282,
      -0.19,
      0.2938,
      0.2103,
      0.0428,
      -0.1958,
      -0.3708
    ],
    [
      -0.4099,
      -0.3505,
      0.0073,
      -0.168,
      -0.0702,
      -0.2602,
      -0.3075,
      0.1733,
      0.0987,
      -0.0394,
      -0.1553,
      -0.1369,
      -0.3415,
      -0.0006,
      -0.6029,
      -0.282,
      1.0,
      -0.2273,
      -0.3248,
      0.0509,
      -0.1981,
      0.3531,
      0.3384
    ],
    [
      0.4448,
      -0.1686,
      -0.4829,
      -0.176,
      0.0886,
      -0.2701,
      -0.0286,
      0.3035,
      0.4425,
      0.0228,
      0.1912,
      0.1101,
      -0.4562,
      -0.1412,
      0.1422,
      -0.19,
      -0.2273,
      1.0,
      0.0941,
      -0.387,
      -0.1118,
      -0.1358,
      -0.042
    ],
    [
      0.6629,
      -0.3543,
      -0.6244,
      -0.0977,
      -0.5113,
      -0.2821,
      0.5186,
      -0.0549,
      -0.559,
      -0.3917,
      -0.3513,
      -0.2566,
      0.0875,
      -0.6837,
      0.7289,
      0.2938,
      -0.3248,
      0.0941,
      1.0,
      0.5801,
      0.8904,
      0.3551,
      0.1391
    ],
    [
      -0.1447,
      -0.2066,
      -0.5481,
      -0.1833,
      -0.4136,
      -0.5234,
      0.0871,
      0.2716,
      -0.4211,
      -0.0387,
      -0.2949,
      0.0139,
      0.0474,
      -0.2699,
      0.1982,
      0.2103,
      0.0509,
      -0.387,
      0.5801,
      1.0,
      0.643,
      0.4099,
      0.4186
    ],
    [
      0.4385,
      -0.4536,
      -0.548,
      -0.2388,
      -0.6288,
      -0.4104,
      0.1676,
      0.1198,
      -0.3521,
      -0.2419,
