{
  "aliases": [
    "JENA31",
    "JENA31DW1",
    "BIALA19",
    "BIALA20",
    "BIALA21",
    "FROSTILLICUS2",
    "GRANCHIO4",
    "HOBBES5",
    "HOBBES6",
    "MCKINLAY20",
    "MCKINLAY21",
    "MCKINLAY22",
    "MCKINLAY23",
    "MCKINLAY24",
    "STIMPEE6",
    "STIMPEE7",
    "TERINGIE6",
    "MCKINLAY10",
    "MCKINLAY11",
    "MCKINLAY12",
    "MCKINLAY13",
    "MCKINLAY14",
    "MCKINLAY15"
  ],
  "features": [
    "mean_pct_ss",
    "mean_grain_ordinal",
    "mean_avg_GR",
    "mean_RES_DEEP",
    "pay_pct",
    "mean_WRCI",
    "pct_high_risk",
    "pct_zoi"
  ],
  "feature_means": [
    91.98936986683667,
    1.3842326108437863,
    89.15922361799771,
    32.24940923073952,
    61.90422165581881,
    26.271552226597088,
    3.3003535786007525,
    1.935958143933055
  ],
  "feature_stds": [
    7.37681632475926,
    1.5084785725683594,
    6.965151658414671,
    7.645068037850418,
    17.08556777036527,
    4.724698546031885,
    6.9218586595739975,
    2.618140408356986
  ],
  "cosine_similarity": [
    [
      1.0,
      -0.2113,
      -0.2053,
      0.1855,
      -0.2169,
      0.1834,
      0.6946,
      -0.499,
      -0.2546,
      -0.4949,
      -0.2534,
      -0.3396,
      0.1687,
      -0.6886,
      0.7482,
      0.2557,
      -0.5206,
      0.465,
      0.6883,
      -0.1442,
      0.439,
      0.0329,
      -0.3809
    ],
    [
      -0.2113,
      1.0,
      0.3232,
      0.0511,
      0.0842,
      0.6369,
      0.0874,
      -0.4072,
      -0.1558,
      0.5599,
      0.3095,
      0.554,
      0.7532,
      0.4888,
      0.3015,
      0.0623,
      -0.4124,
      -0.1361,
      -0.4145,
      -0.2373,
      -0.5328,
      -0.8465,
      -0.6775
    ],
    [
      -0.2053,
      0.3232,
      1.0,
      0.5183,
      0.4244,
      0.6891,
      0.0732,
      -0.5667,
      0.0761,
      -0.1465,
      -0.0166,
      -0.2309,
      0.2995,
      0.158,
      -0.2461,
      0.1837,
      -0.0255,
      -0.4834,
      -0.5622,
      -0.5029,
      -0.476,
      -0.2643,
      -0.4373
    ],
    [
      0.1855,
      0.0511,
      0.5183,
      1.0,
      0.6941,
      0.1994,
      0.4831,
      -0.4819,
      -0.1364,
      -0.6742,
      -0.6173,
      -0.6624,
      0.0057,
      -0.5044,
      0.2266,
      0.8633,
      -0.2925,
      -0.1374,
      -0.0333,
      -0.1545,
      -0.1951,
      -0.3096,
      -0.489
    ],
    [
      -0.2169,
      0.0842,
      0.4244,
      0.6941,
      1.0,
      -0.0089,
      -0.0065,
      0.013,
      0.1652,
      -0.4124,
      -0.3709,
      -0.4747,
      -0.3052,
      0.0593,
      -0.2591,
      0.4116,
      0.2236,
      0.036,
      -0.5683,
      -0.4446,
      -0.6671,
      -0.4515,
      -0.3371
    ],
    [
      0.1834,
      0.6369,
      0.6891,
      0.1994,
      -0.0089,
      1.0,
      0.4502,
      -0.8177,
      -0.3148,
      0.0915,
      0.0522,
      0.0495,
      0.74,
      0.1411,
      0.3044,
      0.1143,
      -0.3526,
      -0.2426,
      -0.2332,
      -0.4928,
      -0.3741,
      -0.4316,
      -0.714
    ],
    [
      0.6946,
      0.0874,
      0.0732,
      0.4831,
      -0.0065,
      0.4502,
      1.0,
      -0.768,
      -0.6827,
      -0.5859,
      -0.6986,
      -0.5236,
      0.4311,
      -0.6977,
      0.7641,
      0.6817,
      -0.3936,
      -0.0035,
      0.5476,
      0.0909,
      0.1738,
      -0.0799,
      -0.6037
    ],
    [
      -0.499,
      -0.4072,
      -0.5667,
      -0.4819,
      0.013,
      -0.8177,
      -0.768,
      1.0,
      0.3997,
      0.3084,
      0.2716,
      0.2451,
      -0.7246,
      0.3799,
      -0.5791,
      -0.4511,
      0.5066,
      0.2313,
      -0.1648,
      0.1892,
      0.0287,
      0.2987,
      0.7956
    ],
    [
      -0.2546,
      -0.1558,
      0.0761,
      -0.1364,
      0.1652,
      -0.3148,
      -0.6827,
      0.3997,
      1.0,
      0.2868,
      0.6081,
      0.3276,
      -0.5019,
      0.2372,
      -0.581,
      -0.4686,
      0.043,
      0.4308,
      -0.4814,
      -0.3572,
      -0.2654,
      -0.0172,
      0.2266
    ],
    [
      -0.4949,
      0.5599,
      -0.1465,
      -0.6742,
      -0.4124,
      0.0915,
      -0.5859,
      0.3084,
      0.2868,
      1.0,
      0.8202,
      0.9682,
      0.2671,
      0.7554,
      -0.1894,
      -0.6124,
      -0.1104,
      0.0522,
      -0.3756,
      -0.03,
      -0.2355,
      -0.2905,
      0.1342
    ],
    [
      -0.2534,
      0.3095,
      -0.0166,
      -0.6173,
      -0.3709,
      0.0522,
      -0.6986,
      0.2716,
      0.6081,
      0.8202,
      1.0,
      0.8539,
      0.123,
      0.6557,
      -0.2664,
      -0.7825,
      -0.1543,
      0.2013,
      -0.3698,
      -0.3001,
      -0.1062,
      -0.2067,
      0.1451
    ],
    [
      -0.3396,
      0.554,
      -0.2309,
      -0.6624,
      -0.4747,
      0.0495,
      -0.5236,
      0.2451,
      0.3276,
      0.9682,
      0.8539,
      1.0,
      0.3232,
      0.6402,
      -0.0458,
      -0.5996,
      -0.2404,
      0.1437,
      -0.2479,
      0.0165,
      -0.1163,
      -0.3283,
      0.0575
    ],
    [
      0.1687,
      0.7532,
      0.2995,
      0.0057,
      -0.3052,
      0.74,
      0.4311,
      -0.7246,
      -0.5019,
      0.2671,
      0.123,
      0.3232,
      1.0,
      0.133,
      0.584,
      0.1029,
      -0.448,
      -0.3969,
      0.0844,
      0.0344,
      0.0091,
      -0.4814,
      -0.6584
    ],
    [
      -0.6886,
      0.4888,
      0.158,
      -0.5044,
      0.0593,
      0.1411,
      -0.6977,
      0.3799,
      0.2372,
      0.7554,
      0.6557,
      0.6402,
      0.133,
      1.0,
      -0.501,
      -0.6496,
      0.3515,
      -0.1725,
      -0.7435,
      -0.3239,
      -0.5388,
      -0.3571,
      0.0977
    ],
    [
      0.7482,
      0.3015,
      -0.2461,
      0.2266,
      -0.2591,
      0.3044,
      0.7641,
      -0.5791,
      -0.581,
      -0.1894,
      -0.2664,
      -0.0458,
      0.584,
      -0.501,
      1.0,
      0.4868,
      -0.7273,
      0.1916,
      0.671,
      0.1479,
      0.3656,
      -0.3337,
      -0.565
    ],
    [
      0.2557,
      0.0623,
      0.1837,
      0.8633,
      0.4116,
      0.1143,
      0.6817,
      -0.4511,
      -0.4686,
      -0.6124,
      -0.7825,
      -0.5996,
      0.1029,
      -0.6496,
      0.4868,
      1.0,
      -0.3887,
      -0.1457,
      0.3077,
      0.2093,
      0.0369,
      -0.1935,
      -0.3904
    ],
    [
      -0.5206,
      -0.4124,
      -0.0255,
      -0.2925,
      0.2236,
      -0.3526,
      -0.3936,
      0.5066,
      0.043,
      -0.1104,
      -0.1543,
      -0.2404,
      -0.448,
      0.3515,
      -0.7273,
      -0.3887,
      1.0,
      -0.3109,
      -0.3543,
      0.0966,
      -0.1786,
      0.4404,
      0.4825
    ],
    [
      0.465,
      -0.1361,
      -0.4834,
      -0.1374,
      0.036,
      -0.2426,
      -0.0035,
      0.2313,
      0.4308,
      0.0522,
      0.2013,
      0.1437,
      -0.3969,
      -0.1725,
      0.1916,
      -0.1457,
      -0.3109,
      1.0,
      0.109,
      -0.3835,
      -0.1168,
      -0.161,
      -0.0716
    ],
    [
      0.6883,
      -0.4145,
      -0.5622,
      -0.0333,
      -0.5683,
      -0.2332,
      0.5476,
      -0.1648,
      -0.4814,
      -0.3756,
      -0.3698,
      -0.2479,
      0.0844,
      -0.7435,
      0.671,
      0.3077,
      -0.3543,
      0.109,
      1.0,
      0.573,
      0.8765,
      0.4413,
      0.1452
    ],
    [
      -0.1442,
      -0.2373,
      -0.5029,
      -0.1545,
      -0.4446,
      -0.4928,
      0.0909,
      0.1892,
      -0.3572,
      -0.03,
      -0.3001,
      0.0165,
      0.0344,
      -0.3239,
      0.1479,
      0.2093,
      0.0966,
      -0.3835,
      0.573,
      1.0,
      0.6412,
      0.4548,
      0.4201
    ],
    [
      0.439,
      -0.5328,
      -0.476,
      -0.1951,
      -0.6671,
      -0.3741,
      0.1738,
      0.0287,
      -0.2654,
      -0.2355,
      -0.1062,
