{
  "aliases": [
    "JENA31",
    "JENA31DW1",
    "BIALA19",
    "BIALA20",
    "BIALA21",
    "FROSTILLICUS2",
    "GRANCHIO4",
    "HOBBES5",
    "HOBBES6",
    "MCKINLAY20",
    "MCKINLAY21",
    "MCKINLAY22",
    "MCKINLAY23",
    "MCKINLAY24",
    "STIMPEE6",
    "STIMPEE7",
    "TERINGIE6",
    "MCKINLAY10",
    "MCKINLAY11",
    "MCKINLAY12",
    "MCKINLAY13",
    "MCKINLAY14",
    "MCKINLAY15"
  ],
  "features": [
    "mean_pct_ss",
    "mean_grain_ordinal",
    "mean_avg_GR",
    "mean_RES_DEEP",
    "pay_pct",
    "mean_WRCI",
    "pct_high_risk",
    "pct_zoi"
  ],
  "feature_means": [
    91.98936986683667,
    1.3842326108437863,
    89.15922361799771,
    32.24940923073952,
    61.90422165581881,
    29.86330861714112,
    0.05468963631391851,
    1.935958143933055
  ],
  "feature_stds": [
    7.37681632475926,
    1.5084785725683594,
    6.965151658414671,
    7.645068037850418,
    17.08556777036527,
    7.277976563522509,
    0.2565171320658151,
    2.618140408356986
  ],
  "cosine_similarity": [
    [
      1.0,
      -0.3755,
      -0.1318,
      0.1781,
      -0.1351,
      0.1006,
      0.6751,
      -0.4899,
      -0.2447,
      -0.526,
      -0.2119,
      -0.4007,
      0.0903,
      -0.6697,
      0.7926,
      0.0956,
      -0.3697,
      0.4432,
      0.5993,
      -0.1289,
      0.4022,
      0.1068,
      -0.3338
    ],
    [
      -0.3755,
      1.0,
      0.5181,
      0.0395,
      0.2118,
      0.5454,
      0.0091,
      -0.4284,
      -0.1198,
      0.5571,
      0.3307,
      0.5135,
      0.7088,
      0.6582,
      0.0225,
      -0.1387,
      -0.2198,
      -0.1997,
      -0.4493,
      -0.224,
      -0.5419,
      -0.7257,
      -0.6454
    ],
    [
      -0.1318,
      0.5181,
      1.0,
      0.5452,
      0.4952,
      0.6968,
      0.1296,
      -0.4983,
      -0.0114,
      -0.1357,
      -0.0373,
      -0.1994,
      0.4194,
      0.2202,
      -0.0381,
      0.3112,
      -0.1987,
      -0.473,
      -0.4966,
      -0.5276,
      -0.4535,
      -0.3883,
      -0.5365
    ],
    [
      0.1781,
      0.0395,
      0.5452,
      1.0,
      0.8364,
      0.0662,
      0.4567,
      -0.4908,
      -0.2209,
      -0.605,
      -0.465,
      -0.5964,
      0.0345,
      -0.4248,
      0.241,
      0.7006,
      -0.2754,
      -0.1076,
      0.0469,
      -0.0879,
      -0.1056,
      -0.381,
      -0.5102
    ],
    [
      -0.1351,
      0.2118,
      0.4952,
      0.8364,
      1.0,
      0.0092,
      0.0776,
      -0.1601,
      0.1957,
      -0.3017,
      -0.2316,
      -0.3258,
      -0.1953,
      -0.077,
      -0.1514,
      0.5229,
      -0.1912,
      0.1344,
      -0.3533,
      -0.331,
      -0.4932,
      -0.5336,
      -0.4373
    ],
    [
      0.1006,
      0.5454,
      0.6968,
      0.0662,
      0.0092,
      1.0,
      0.3991,
      -0.4448,
      -0.132,
      -0.0838,
      -0.1729,
      -0.1634,
      0.5079,
      0.152,
      0.2864,
      0.2485,
      -0.112,
      -0.3455,
      -0.4681,
      -0.5961,
      -0.5469,
      -0.0829,
      -0.51
    ],
    [
      0.6751,
      0.0091,
      0.1296,
      0.4567,
      0.0776,
      0.3991,
      1.0,
      -0.6799,
      -0.6662,
      -0.6252,
      -0.6642,
      -0.5916,
      0.3677,
      -0.6782,
      0.9193,
      0.6077,
      -0.2531,
      -0.0494,
      0.4207,
      0.0602,
      0.107,
      0.0037,
      -0.5588
    ],
    [
      -0.4899,
      -0.4284,
      -0.4983,
      -0.4908,
      -0.1601,
      -0.4448,
      -0.6799,
      1.0,
      0.6104,
      0.1948,
      0.0739,
      0.125,
      -0.7889,
      0.2011,
      -0.7207,
      -0.1416,
      0.3568,
      0.1427,
      -0.3163,
      0.0635,
      -0.1291,
      0.5512,
      0.8544
    ],
    [
      -0.2447,
      -0.1198,
      -0.0114,
      -0.2209,
      0.1957,
      -0.132,
      -0.6662,
      0.6104,
      1.0,
      0.1597,
      0.3543,
      0.1862,
      -0.5574,
      0.2907,
      -0.65,
      -0.2586,
      0.0918,
      0.3519,
      -0.603,
      -0.4804,
      -0.4115,
      0.0853,
      0.2687
    ],
    [
      -0.526,
      0.5571,
      -0.1357,
      -0.605,
      -0.3017,
      -0.0838,
      -0.6252,
      0.1948,
      0.1597,
      1.0,
      0.837,
      0.9741,
      0.3032,
      0.9106,
      -0.4046,
      -0.7868,
      -0.1054,
      0.0922,
      -0.1984,
      0.067,
      -0.0934,
      -0.3918,
      0.0939
    ],
    [
      -0.2119,
      0.3307,
      -0.0373,
      -0.465,
      -0.2316,
      -0.1729,
      -0.6642,
      0.0739,
      0.3543,
      0.837,
      1.0,
      0.8892,
      0.2346,
      0.7655,
      -0.3672,
      -0.912,
      -0.2758,
      0.2738,
      -0.0622,
      -0.0981,
      0.1133,
      -0.4223,
      0.0341
    ],
    [
      -0.4007,
      0.5135,
      -0.1994,
      -0.5964,
      -0.3258,
      -0.1634,
      -0.5916,
      0.125,
      0.1862,
      0.9741,
      0.8892,
      1.0,
      0.3408,
      0.8331,
      -0.3129,
      -0.8497,
      -0.1637,
      0.1746,
      -0.0862,
      0.1223,
      0.0195,
      -0.4283,
      0.0299
    ],
    [
      0.0903,
      0.7088,
      0.4194,
      0.0345,
      -0.1953,
      0.5079,
      0.3677,
      -0.7889,
      -0.5574,
      0.3032,
      0.2346,
      0.3408,
      1.0,
      0.271,
      0.5025,
      -0.1683,
      -0.3243,
      -0.3898,
      0.1525,
      0.1229,
      0.0949,
      -0.4914,
      -0.6521
    ],
    [
      -0.6697,
      0.6582,
      0.2202,
      -0.4248,
      -0.077,
      0.152,
      -0.6782,
      0.2011,
      0.2907,
      0.9106,
      0.7655,
      0.8331,
      0.271,
      1.0,
      -0.5696,
      -0.6061,
      -0.1081,
      -0.0864,
      -0.5055,
      -0.1881,
      -0.3533,
      -0.4089,
      0.0461
    ],
    [
      0.7926,
      0.0225,
      -0.0381,
      0.241,
      -0.1514,
      0.2864,
      0.9193,
      -0.7207,
      -0.65,
      -0.4046,
      -0.3672,
      -0.3129,
      0.5025,
      -0.5696,
      1.0,
      0.283,
      -0.412,
      0.0967,
      0.6149,
      0.1677,
      0.331,
      -0.0528,
      -0.5528
    ],
    [
      0.0956,
      -0.1387,
      0.3112,
      0.7006,
      0.5229,
      0.2485,
      0.6077,
      -0.1416,
      -0.2586,
      -0.7868,
      -0.912,
      -0.8497,
      -0.1683,
      -0.6061,
      0.283,
      1.0,
      0.0136,
      -0.3194,
      -0.0848,
      0.0048,
      -0.2516,
      0.2074,
      -0.1746
    ],
    [
      -0.3697,
      -0.2198,
      -0.1987,
      -0.2754,
      -0.1912,
      -0.112,
      -0.2531,
      0.3568,
      0.0918,
      -0.1054,
      -0.2758,
      -0.1637,
      -0.3243,
      -0.1081,
      -0.412,
      0.0136,
      1.0,
      -0.2586,
      -0.3,
      0.0067,
      -0.1836,
      0.3247,
      0.3419
    ],
    [
      0.4432,
      -0.1997,
      -0.473,
      -0.1076,
      0.1344,
      -0.3455,
      -0.0494,
      0.1427,
      0.3519,
      0.0922,
      0.2738,
      0.1746,
      -0.3898,
      -0.0864,
      0.0967,
      -0.3194,
      -0.2586,
      1.0,
      0.1734,
      -0.2869,
      -0.0271,
      -0.2189,
      -0.0822
    ],
    [
      0.5993,
      -0.4493,
      -0.4966,
      0.0469,
      -0.3533,
      -0.4681,
      0.4207,
      -0.3163,
      -0.603,
      -0.1984,
      -0.0622,
      -0.0862,
      0.1525,
      -0.5055,
      0.6149,
      -0.0848,
      -0.3,
      0.1734,
      1.0,
      0.6454,
      0.9029,
      0.1236,
      0.0589
    ],
    [
      -0.1289,
      -0.224,
      -0.5276,
      -0.0879,
      -0.331,
      -0.5961,
      0.0602,
      0.0635,
      -0.4804,
      0.067,
      -0.0981,
      0.1223,
      0.1229,
      -0.1881,
      0.1677,
      0.0048,
      0.0067,
      -0.2869,
      0.6454,
      1.0,
      0.6927,
      0.1929,
      0.324
    ],
    [
      0.4022,
      -0.5419,
      -0.4535,
      -0.1056,
      -0.4932,
      -0.5469,
      0.107,
      -0.1291,
      -0.4115,
      -0.0934,
