{
  "aliases": [
    "JENA31",
    "JENA31DW1",
    "BIALA19",
    "BIALA20",
    "BIALA21",
    "FROSTILLICUS2",
    "GRANCHIO4",
    "HOBBES5",
    "HOBBES6",
    "MCKINLAY20",
    "MCKINLAY21",
    "MCKINLAY22",
    "MCKINLAY23",
    "MCKINLAY24",
    "STIMPEE6",
    "STIMPEE7",
    "TERINGIE6",
    "MCKINLAY10",
    "MCKINLAY11",
    "MCKINLAY12",
    "MCKINLAY13",
    "MCKINLAY14",
    "MCKINLAY15",
    "JENA31_DUAL"
  ],
  "features": [
    "mean_pct_ss",
    "mean_avg_GR",
    "mean_RES_DEEP",
    "pay_pct",
    "mean_WRCI",
    "fluorescence_pct",
    "total_gas",
    "RQI"
  ],
  "feature_means": [
    91.87252457542381,
    89.06882899219228,
    32.47478808531866,
    62.508333333333354,
    27.434987935343887,
    88.24153351995676,
    207.45536757035538,
    0.5736131101506924
  ],
  "feature_stds": [
    7.243206578309529,
    6.8322679901796635,
    7.561750482647799,
    16.974394850938154,
    5.295091857184447,
    10.421760430374004,
    161.58680203389918,
    0.057358943609255704
  ],
  "cosine_similarity": [
    [
      1.0,
      -0.1575,
      0.4732,
      0.5412,
      0.1114,
      0.7109,
      0.6025,
      -0.538,
      -0.3736,
      -0.4289,
      -0.3189,
      -0.4386,
      0.1548,
      -0.6421,
      0.5386,
      0.2534,
      -0.3459,
      0.3223,
      0.2314,
      -0.6505,
      -0.0882,
      -0.2327,
      -0.5766,
      0.699
    ],
    [
      -0.1575,
      1.0,
      -0.2063,
      0.202,
      0.0994,
      0.1475,
      0.1114,
      -0.3943,
      -0.3248,
      -0.0674,
      0.1073,
      0.5233,
      0.7255,
      0.367,
      0.5345,
      -0.0895,
      -0.574,
      0.084,
      0.1909,
      0.0886,
      -0.1082,
      -0.7987,
      -0.3372,
      0.5957
    ],
    [
      0.4732,
      -0.2063,
      1.0,
      0.7527,
      0.6353,
      0.7351,
      0.4336,
      -0.2319,
      -0.225,
      -0.4922,
      -0.5109,
      -0.533,
      -0.0331,
      -0.4434,
      -0.0665,
      0.6109,
      0.3823,
      -0.3297,
      -0.4162,
      -0.248,
      -0.5743,
      -0.222,
      -0.5378,
      0.2296
    ],
    [
      0.5412,
      0.202,
      0.7527,
      1.0,
      0.6436,
      0.8931,
      0.7534,
      -0.5744,
      -0.6876,
      -0.3902,
      -0.7493,
      -0.4827,
      0.288,
      -0.4218,
      0.4464,
      0.82,
      -0.1459,
      -0.0979,
      -0.1411,
      -0.2719,
      -0.5498,
      -0.5309,
      -0.7678,
      0.5897
    ],
    [
      0.1114,
      0.0994,
      0.6353,
      0.6436,
      1.0,
      0.4465,
      0.2094,
      0.0409,
      0.0459,
      -0.3615,
      -0.3337,
      -0.268,
      -0.285,
      -0.0919,
      -0.2234,
      0.485,
      0.2737,
      0.1397,
      -0.646,
      -0.458,
      -0.9359,
      -0.5127,
      -0.4186,
      0.1687
    ],
    [
      0.7109,
      0.1475,
      0.7351,
      0.8931,
      0.4465,
      1.0,
      0.8771,
      -0.798,
      -0.6073,
      -0.3245,
      -0.6758,
      -0.5323,
      0.4426,
      -0.6009,
      0.5731,
      0.7019,
      -0.2679,
      -0.0706,
      -0.0418,
      -0.3492,
      -0.3844,
      -0.452,
      -0.8561,
      0.6787
    ],
    [
      0.6025,
      0.1114,
      0.4336,
      0.7534,
      0.2094,
      0.8771,
      1.0,
      -0.859,
      -0.7028,
      -0.1859,
      -0.7981,
      -0.6796,
      0.4829,
      -0.7425,
      0.6929,
      0.7224,
      -0.3723,
      -0.1086,
      0.2245,
      -0.2008,
      -0.1069,
      -0.2007,
      -0.665,
      0.5668
    ],
    [
      -0.538,
      -0.3943,
      -0.2319,
      -0.5744,
      0.0409,
      -0.798,
      -0.859,
      1.0,
      0.695,
      0.0139,
      0.474,
      0.2585,
      -0.7975,
      0.4605,
      -0.8616,
      -0.439,
      0.6734,
      0.0436,
      -0.3472,
      0.0702,
      -0.0853,
      0.3889,
      0.7309,
      -0.7131
    ],
    [
      -0.3736,
      -0.3248,
      -0.225,
      -0.6876,
      0.0459,
      -0.6073,
      -0.7028,
      0.695,
      1.0,
      0.0914,
      0.6605,
      0.2537,
      -0.6336,
      0.2739,
      -0.7735,
      -0.6368,
      0.4948,
      0.2463,
      -0.4262,
      -0.2119,
      -0.1327,
      0.2821,
      0.5164,
      -0.5433
    ],
    [
      -0.4289,
      -0.0674,
      -0.4922,
      -0.3902,
      -0.3615,
      -0.3245,
      -0.1859,
      0.0139,
      0.0914,
      1.0,
      0.0514,
      0.3485,
      0.003,
      0.4934,
      -0.0308,
      0.0237,
      -0.1659,
      0.1696,
      -0.2663,
      0.2565,
      0.1476,
      0.2692,
      -0.0279,
      -0.4004
    ],
    [
      -0.3189,
      0.1073,
      -0.5109,
      -0.7493,
      -0.3337,
      -0.6758,
      -0.7981,
      0.474,
      0.6605,
      0.0514,
      1.0,
      0.7484,
      -0.1574,
      0.5554,
      -0.3525,
      -0.9481,
      -0.0682,
      0.2922,
      0.1011,
      0.0626,
      0.2927,
      -0.0245,
      0.5154,
      -0.1843
    ],
    [
      -0.4386,
      0.5233,
      -0.533,
      -0.4827,
      -0.268,
      -0.5323,
      -0.6796,
      0.2585,
      0.2537,
      0.3485,
      0.7484,
      1.0,
      0.1913,
      0.9019,
      -0.0389,
      -0.6341,
      -0.3116,
      0.2901,
      -0.0293,
      0.1907,
      0.1178,
      -0.3724,
      0.1361,
      0.023
    ],
    [
      0.1548,
      0.7255,
      -0.0331,
      0.288,
      -0.285,
      0.4426,
      0.4829,
      -0.7975,
      -0.6336,
      0.003,
      -0.1574,
      0.1913,
      1.0,
      -0.0432,
      0.8042,
      0.1086,
      -0.6484,
      -0.2455,
      0.4712,
      0.2813,
      0.2886,
      -0.469,
      -0.4783,
      0.6403
    ],
    [
      -0.6421,
      0.367,
      -0.4434,
      -0.4218,
      -0.0919,
      -0.6009,
      -0.7425,
      0.4605,
      0.2739,
      0.4934,
      0.5554,
      0.9019,
      -0.0432,
      1.0,
      -0.2757,
      -0.3936,
      -0.0353,
      0.1848,
      -0.319,
      0.2751,
      -0.082,
      -0.2417,
      0.1758,
      -0.2517
    ],
    [
      0.5386,
      0.5345,
      -0.0665,
      0.4464,
      -0.2234,
      0.5731,
      0.6929,
      -0.8616,
      -0.7735,
      -0.0308,
      -0.3525,
      -0.0389,
      0.8042,
      -0.2757,
      1.0,
      0.2533,
      -0.8454,
      0.1678,
      0.5711,
      -0.1209,
      0.2297,
      -0.452,
      -0.6,
      0.8245
    ],
    [
      0.2534,
      -0.0895,
      0.6109,
      0.82,
      0.485,
      0.7019,
      0.7224,
      -0.439,
      -0.6368,
      0.0237,
      -0.9481,
      -0.6341,
      0.1086,
      -0.3936,
      0.2533,
      1.0,
      0.0861,
      -0.2723,
      -0.2909,
      -0.0319,
      -0.4478,
      -0.0897,
      -0.601,
      0.1439
    ],
    [
      -0.3459,
      -0.574,
      0.3823,
      -0.1459,
      0.2737,
      -0.2679,
      -0.3723,
      0.6734,
      0.4948,
      -0.1659,
      -0.0682,
      -0.3116,
      -0.6484,
      -0.0353,
      -0.8454,
      0.0861,
      1.0,
      -0.4699,
      -0.5427,
      0.1233,
      -0.2793,
      0.4975,
      0.4126,
      -0.6989
    ],
    [
      0.3223,
      0.084,
      -0.3297,
      -0.0979,
      0.1397,
      -0.0706,
      -0.1086,
      0.0436,
      0.2463,
      0.1696,
      0.2922,
      0.2901,
      -0.2455,
      0.1848,
      0.1678,
      -0.2723,
      -0.4699,
      1.0,
      -0.1027,
      -0.7548,
      -0.26,
      -0.3431,
      -0.208,
      0.334
    ],
    [
      0.2314,
      0.1909,
      -0.4162,
      -0.1411,
      -0.646,
      -0.0418,
      0.2245,
      -0.3472,
      -0.4262,
      -0.2663,
      0.1011,
      -0.0293,
      0.4712,
      -0.319,
      0.5711,
      -0.2909,
      -0.5427,
      -0.1027,
      1.0,
      0.2772,
      0.8108,
      0.1152,
      0.2659,
      0.3279
    ],
    [
      -0.6505,
      0.0886,
      -0.248,
      -0.2719,
      -0.458,
      -0.3492,
      -0.2008,
      0.0702,
      -0.2119,
      0.2565,
      0.0626,
      0.1907,
      0.2813,
      0.2751,
      -0.1209,
