{
  "aliases": [
    "JENA31",
    "JENA31DW1",
    "BIALA19",
    "BIALA20",
    "BIALA21",
    "FROSTILLICUS2",
    "GRANCHIO4",
    "HOBBES5",
    "HOBBES6",
    "MCKINLAY20",
    "MCKINLAY21",
    "MCKINLAY22",
    "MCKINLAY23",
    "MCKINLAY24",
    "STIMPEE6",
    "STIMPEE7",
    "TERINGIE6"
  ],
  "features": [
    "mean_pct_ss",
    "mean_grain_ordinal",
    "mean_avg_GR",
    "mean_res_sep",
    "mean_RES_DEEP",
    "pay_pct",
    "mean_WRCI",
    "pct_high_risk"
  ],
  "feature_means": [
    91.1920777317628,
    1.8727852970239462,
    86.6664680229893,
    5.614746843481917,
    32.212487531681106,
    65.43027143505837,
    29.95414465181451,
    0.0
  ],
  "feature_stds": [
    4.8759484276479625,
    1.4709431148707286,
    5.695795887731854,
    4.4369610165062765,
    8.120772181891079,
    15.527270948628502,
    3.3471809274886737,
    1.0
  ],
  "cosine_similarity": [
    [
      1.0,
      -0.6243,
      -0.3207,
      0.0829,
      -0.182,
      0.1632,
      0.5793,
      -0.1218,
      -0.1565,
      -0.4424,
      -0.185,
      -0.5885,
      -0.1105,
      -0.437,
      0.7428,
      0.4499,
      -0.5179
    ],
    [
      -0.6243,
      1.0,
      0.649,
      -0.0552,
      0.3058,
      0.4656,
      -0.2969,
      -0.5166,
      -0.1,
      0.1687,
      -0.0612,
      0.3015,
      0.37,
      0.1162,
      -0.5905,
      -0.4877,
      -0.0252
    ],
    [
      -0.3207,
      0.649,
      1.0,
      0.1826,
      -0.1309,
      0.7158,
      0.0393,
      -0.761,
      -0.4197,
      -0.312,
      -0.1997,
      -0.0244,
      0.4719,
      -0.3298,
      -0.1147,
      -0.3654,
      0.2331
    ],
    [
      0.0829,
      -0.0552,
      0.1826,
      1.0,
      0.4881,
      0.0452,
      0.7166,
      -0.4286,
      -0.5467,
      -0.8647,
      -0.8764,
      -0.7658,
      0.0145,
      -0.816,
      0.5353,
      0.6195,
      0.1629
    ],
    [
      -0.182,
      0.3058,
      -0.1309,
      0.4881,
      1.0,
      -0.253,
      0.0258,
      -0.036,
      0.1634,
      -0.2398,
      -0.3663,
      -0.1419,
      -0.499,
      -0.2985,
      -0.2113,
      0.0967,
      0.0016
    ],
    [
      0.1632,
      0.4656,
      0.7158,
      0.0452,
      -0.253,
      1.0,
      0.3932,
      -0.8343,
      -0.5935,
      -0.2862,
      -0.3065,
      -0.3314,
      0.662,
      -0.2442,
      0.229,
      -0.0672,
      -0.4557
    ],
    [
      0.5793,
      -0.2969,
      0.0393,
      0.7166,
      0.0258,
      0.3932,
      1.0,
      -0.5322,
      -0.7346,
      -0.8006,
      -0.8252,
      -0.9672,
      0.3547,
      -0.697,
      0.9081,
      0.7923,
      -0.4024
    ],
    [
      -0.1218,
      -0.5166,
      -0.761,
      -0.4286,
      -0.036,
      -0.8343,
      -0.5322,
      1.0,
      0.5884,
      0.6178,
      0.538,
      0.4713,
      -0.6114,
      0.6166,
      -0.3463,
      -0.0172,
      0.3007
    ],
    [
      -0.1565,
      -0.1,
      -0.4197,
      -0.5467,
      0.1634,
      -0.5935,
      -0.7346,
      0.5884,
      1.0,
      0.5384,
      0.8198,
      0.755,
      -0.6164,
      0.4214,
      -0.503,
      -0.6497,
      0.1004
    ],
    [
      -0.4424,
      0.1687,
      -0.312,
      -0.8647,
      -0.2398,
      -0.2862,
      -0.8006,
      0.6178,
      0.5384,
      1.0,
      0.7594,
      0.8285,
      -0.0569,
      0.9819,
      -0.7347,
      -0.5036,
      -0.0081
    ],
    [
      -0.185,
      -0.0612,
      -0.1997,
      -0.8764,
      -0.3663,
      -0.3065,
      -0.8252,
      0.538,
      0.8198,
      0.7594,
      1.0,
      0.8853,
      -0.2697,
      0.6783,
      -0.5487,
      -0.7722,
      0.1017
    ],
    [
      -0.5885,
      0.3015,
      -0.0244,
      -0.7658,
      -0.1419,
      -0.3314,
      -0.9672,
      0.4713,
      0.755,
      0.8285,
      0.8853,
      1.0,
      -0.1963,
      0.7379,
      -0.8394,
      -0.8456,
      0.296
    ],
    [
      -0.1105,
      0.37,
      0.4719,
      0.0145,
      -0.499,
      0.662,
      0.3547,
      -0.6114,
      -0.6164,
      -0.0569,
      -0.2697,
      -0.1963,
      1.0,
      0.0296,
      0.2438,
      0.096,
      -0.3276
    ],
    [
      -0.437,
      0.1162,
      -0.3298,
      -0.816,
      -0.2985,
      -0.2442,
      -0.697,
      0.6166,
      0.4214,
      0.9819,
      0.6783,
      0.7379,
      0.0296,
      1.0,
      -0.648,
      -0.3864,
      -0.0458
    ],
    [
      0.7428,
      -0.5905,
      -0.1147,
      0.5353,
      -0.2113,
      0.229,
      0.9081,
      -0.3463,
      -0.503,
      -0.7347,
      -0.5487,
      -0.8394,
      0.2438,
      -0.648,
      1.0,
      0.6904,
      -0.3585
    ],
    [
      0.4499,
      -0.4877,
      -0.3654,
      0.6195,
      0.0967,
      -0.0672,
      0.7923,
      -0.0172,
      -0.6497,
      -0.5036,
      -0.7722,
      -0.8456,
      0.096,
      -0.3864,
      0.6904,
      1.0,
      -0.1706
    ],
    [
      -0.5179,
      -0.0252,
      0.2331,
      0.1629,
      0.0016,
      -0.4557,
      -0.4024,
      0.3007,
      0.1004,
      -0.0081,
      0.1017,
      0.296,
      -0.3276,
      -0.0458,
      -0.3585,
      -0.1706,
      1.0
    ]
  ],