{
  "aliases": [
    "JENA31",
    "JENA31DW1",
    "BIALA19",
    "BIALA20",
    "BIALA21",
    "FROSTILLICUS2",
    "GRANCHIO4",
    "HOBBES5",
    "HOBBES6",
    "MCKINLAY20",
    "MCKINLAY21",
    "MCKINLAY22",
    "MCKINLAY23",
    "MCKINLAY24",
    "STIMPEE6",
    "STIMPEE7",
    "TERINGIE6"
  ],
  "features": [
    "mean_pct_ss",
    "mean_grain_ordinal",
    "mean_avg_GR",
    "mean_res_sep",
    "mean_RES_DEEP",
    "pay_pct",
    "mean_WRCI",
    "pct_high_risk"
  ],
  "feature_means": [
    91.1920777317628,
    1.8727852970239462,
    86.6664680229893,
    5.614746843481917,
    32.212487531681106,
    65.43027143505837,
    28.06663321573454,
    0.0
  ],
  "feature_stds": [
    4.8759484276479625,
    1.4709431148707286,
    5.695795887731854,
    4.4369610165062765,
    8.120772181891079,
    15.527270948628502,
    3.0333163047508482,
    1.0
  ],
  "cosine_similarity": [
    [
      1.0,
      -0.5576,
      -0.3546,
      0.1557,
      -0.1078,
      -0.0154,
      0.5902,
      -0.0878,
      -0.1711,
      -0.486,
      -0.3196,
      -0.6473,
      -0.1355,
      -0.5624,
      0.7785,
      0.4807,
      -0.5836
    ],
    [
      -0.5576,
      1.0,
      0.5597,
      -0.1632,
      0.2468,
      0.4844,
      -0.2525,
      -0.471,
      -0.1321,
      0.3067,
      -0.0245,
      0.2853,
      0.4832,
      0.3089,
      -0.5446,
      -0.3982,
      -0.1977
    ],
    [
      -0.3546,
      0.5597,
      1.0,
      0.0197,
      -0.321,
      0.9093,
      0.086,
      -0.7819,
      -0.4921,
      -0.1743,
      -0.0448,
      0.0544,
      0.6807,
      -0.0962,
      -0.1691,
      -0.2814,
      0.1098
    ],
    [
      0.1557,
      -0.1632,
      0.0197,
      1.0,
      0.4563,
      0.036,
      0.7988,
      -0.3718,
      -0.5921,
      -0.8503,
      -0.8513,
      -0.7799,
      0.0788,
      -0.8057,
      0.5735,
      0.7857,
      0.0095
    ],
    [
      -0.1078,
      0.2468,
      -0.321,
      0.4563,
      1.0,
      -0.2504,
      0.0797,
      0.0302,
      0.1443,
      -0.1804,
      -0.3523,
      -0.169,
      -0.4703,
      -0.2297,
      -0.151,
      0.2098,
      -0.1385
    ],
    [
      -0.0154,
      0.4844,
      0.9093,
      0.036,
      -0.2504,
      1.0,
      0.2769,
      -0.8655,
      -0.5126,
      -0.3041,
      -0.1462,
      -0.1573,
      0.6105,
      -0.2523,
      0.0506,
      -0.1921,
      -0.2409
    ],
    [
      0.5902,
      -0.2525,
      0.086,
      0.7988,
      0.0797,
      0.2769,
      1.0,
      -0.5398,
      -0.7354,
      -0.888,
      -0.8612,
      -0.9654,
      0.3275,
      -0.8594,
      0.8994,
      0.8054,
      -0.4168
    ],
    [
      -0.0878,
      -0.471,
      -0.7819,
      -0.3718,
      0.0302,
      -0.8655,
      -0.5398,
      1.0,
      0.5958,
      0.5829,
      0.4296,
      0.3976,
      -0.6832,
      0.5643,
      -0.2871,
      -0.0582,
      0.3459
    ],
    [
      -0.1711,
      -0.1321,
      -0.4921,
      -0.5921,
      0.1443,
      -0.5126,
      -0.7354,
      0.5958,
      1.0,
      0.5871,
      0.811,
      0.7364,
      -0.616,
      0.5053,
      -0.4954,
      -0.6676,
      0.1095
    ],
    [
      -0.486,
      0.3067,
      -0.1743,
      -0.8503,
      -0.1804,
      -0.3041,
      -0.888,
      0.5829,
      0.5871,
      1.0,
      0.7159,
      0.8266,
      -0.1326,
      0.985,
      -0.7507,
      -0.6637,
      0.1394
    ],
    [
      -0.3196,
      -0.0245,
      -0.0448,
      -0.8513,
      -0.3523,
      -0.1462,
      -0.8612,
      0.4296,
      0.811,
      0.7159,
      1.0,
      0.909,
      -0.2894,
      0.6844,
      -0.6262,
      -0.8859,
      0.2976
    ],
    [
      -0.6473,
      0.2853,
      0.0544,
      -0.7799,
      -0.169,
      -0.1573,
      -0.9654,
      0.3976,
      0.7364,
      0.8266,
      0.909,
      1.0,
      -0.186,
      0.8106,
      -0.8618,
      -0.8994,
      0.415
    ],
    [
      -0.1355,
      0.4832,
      0.6807,
      0.0788,
      -0.4703,
      0.6105,
      0.3275,
      -0.6832,
      -0.616,
      -0.1326,
      -0.2894,
      -0.186,
      1.0,
      -0.0725,
      0.2155,
      0.0243,
      -0.2456
    ],
    [
      -0.5624,
      0.3089,
      -0.0962,
      -0.8057,
      -0.2297,
      -0.2523,
      -0.8594,
      0.5643,
      0.5053,
      0.985,
      0.6844,
      0.8106,
      -0.0725,
      1.0,
      -0.7473,
      -0.6382,
      0.2047
    ],
    [
      0.7785,
      -0.5446,
      -0.1691,
      0.5735,
      -0.151,
      0.0506,
      0.8994,
      -0.2871,
      -0.4954,
      -0.7507,
      -0.6262,
      -0.8618,
      0.2155,
      -0.7473,
      1.0,
      0.7284,
      -0.4538
    ],
    [
      0.4807,
      -0.3982,
      -0.2814,
      0.7857,
      0.2098,
      -0.1921,
      0.8054,
      -0.0582,
      -0.6676,
      -0.6637,
      -0.8859,
      -0.8994,
      0.0243,
      -0.6382,
      0.7284,
      1.0,
      -0.1262
    ],
    [
      -0.5836,
      -0.1977,
      0.1098,
      0.0095,
      -0.1385,
      -0.2409,
      -0.4168,
      0.3459,
      0.1095,
      0.1394,
      0.2976,
      0.415,
      -0.2456,
      0.2047,
      -0.4538,
      -0.1262,
      1.0
    ]
  ],