{
  "aliases": [
    "JENA31",
    "JENA31DW1",
    "BIALA19",
    "BIALA20",
    "BIALA21",
    "FROSTILLICUS2",
    "GRANCHIO4",
    "HOBBES5",
    "HOBBES6",
    "MCKINLAY20",
    "MCKINLAY21",
    "MCKINLAY22",
    "MCKINLAY23",
    "MCKINLAY24",
    "STIMPEE6",
    "STIMPEE7",
    "TERINGIE6",
    "MCKINLAY10",
    "MCKINLAY11",
    "MCKINLAY12",
    "MCKINLAY13",
    "MCKINLAY14",
    "MCKINLAY15"
  ],
  "features": [
    "mean_pct_ss",
    "mean_grain_ordinal",
    "mean_avg_GR",
    "mean_res_sep",
    "mean_RES_DEEP",
    "pay_pct",
    "mean_WRCI",
    "pct_high_risk"
  ],
  "feature_means": [
    91.98936986683667,
    1.3842326108437863,
    89.15922361799771,
    5.99808345970342,
    32.24940923073952,
    61.90422165581881,
    30.25291429851861,
    0.0
  ],
  "feature_stds": [
    7.37681632475926,
    1.5084785725683594,
    6.965151658414671,
    4.371846860977499,
    7.645068037850418,
    17.08556777036527,
    3.4692565678713856,
    1.0
  ],
  "cosine_similarity": [
    [
      1.0,
      -0.2164,
      -0.1807,
      0.2839,
      -0.1706,
      0.1045,
      0.6001,
      -0.4821,
      -0.4791,
      -0.6858,
      -0.5448,
      -0.7273,
      -0.0551,
      -0.7211,
      0.7172,
      0.4454,
      -0.6902,
      0.522,
      0.1227,
      -0.0108,
      0.4868,
      0.1599,
      -0.3493
    ],
    [
      -0.2164,
      1.0,
      0.4619,
      0.0769,
      0.179,
      0.4076,
      -0.0317,
      -0.2429,
      -0.0847,
      0.5576,
      0.1174,
      0.4446,
      0.7541,
      0.6125,
      0.0652,
      -0.0649,
      -0.4062,
      -0.2931,
      0.1228,
      -0.363,
      -0.6288,
      -0.9098,
      -0.6766
    ],
    [
      -0.1807,
      0.4619,
      1.0,
      0.0304,
      0.0425,
      0.9444,
      0.2586,
      -0.6811,
      -0.2452,
      0.1925,
      0.2377,
      0.2149,
      0.6734,
      0.2831,
      0.1368,
      -0.0722,
      0.022,
      -0.4207,
      -0.4697,
      -0.3374,
      -0.4321,
      -0.3424,
      -0.4292
    ],
    [
      0.2839,
      0.0769,
      0.0304,
      1.0,
      0.5578,
      0.1195,
      0.8473,
      -0.5047,
      -0.6146,
      -0.6812,
      -0.8563,
      -0.7074,
      0.1738,
      -0.6027,
      0.7321,
      0.9055,
      -0.3033,
      -0.0287,
      0.2805,
      0.199,
      -0.037,
      -0.1677,
      -0.5476
    ],
    [
      -0.1706,
      0.179,
      0.0425,
      0.5578,
      1.0,
      0.0655,
      0.2375,
      -0.0375,
      0.1031,
      -0.1057,
      -0.2416,
      -0.0881,
      -0.2117,
      -0.0817,
      0.0193,
      0.4163,
      0.111,
      0.3224,
      -0.3069,
      -0.1578,
      -0.6919,
      -0.4603,
      -0.3201
    ],
    [
      0.1045,
      0.4076,
      0.9444,
      0.1195,
      0.0655,
      1.0,
      0.4347,
      -0.7974,
      -0.3392,
      0.0106,
      0.0981,
      0.0115,
      0.6073,
      0.0996,
      0.3378,
      0.039,
      -0.2179,
      -0.1699,
      -0.4386,
      -0.4792,
      -0.3847,
      -0.3439,
      -0.5514
    ],
    [
      0.6001,
      -0.0317,
      0.2586,
      0.8473,
      0.2375,
      0.4347,
      1.0,
      -0.8155,
      -0.754,
      -0.8184,
      -0.7848,
      -0.827,
      0.2888,
      -0.7399,
      0.9277,
      0.8094,
      -0.4832,
      0.0435,
      0.1503,
      0.0455,
      0.1727,
      -0.0081,
      -0.6081
    ],
    [
      -0.4821,
      -0.2429,
      -0.6811,
      -0.5047,
      -0.0375,
      -0.7974,
      -0.8155,
      1.0,
      0.6029,
      0.4706,
      0.3559,
      0.4369,
      -0.6302,
      0.3987,
      -0.7897,
      -0.4287,
      0.4658,
      0.1195,
      0.1232,
      0.1532,
      -0.0106,
      0.2115,
      0.7328
    ],
    [
      -0.4791,
      -0.0847,
      -0.2452,
      -0.6146,
      0.1031,
      -0.3392,
      -0.754,
      0.6029,
      1.0,
      0.5783,
      0.7947,
      0.7236,
      -0.3782,
      0.4964,
      -0.6888,
      -0.7861,
      0.3504,
      0.3439,
      -0.2308,
      -0.3432,
      -0.3383,
      -0.1334,
      0.3253
    ],
    [
      -0.6858,
      0.5576,
      0.1925,
      -0.6812,
      -0.1057,
      0.0106,
      -0.8184,
      0.4706,
      0.5783,
      1.0,
      0.7888,
      0.9597,
      0.2151,
      0.9871,
      -0.7426,
      -0.7584,
      0.2351,
      -0.2468,
      -0.1358,
      -0.3367,
      -0.5469,
      -0.4677,
      0.1417
    ],
    [
      -0.5448,
      0.1174,
      0.2377,
      -0.8563,
      -0.2416,
      0.0981,
      -0.7848,
      0.3559,
      0.7947,
      0.7888,
      1.0,
      0.893,
      -0.0004,
      0.7438,
      -0.7259,
      -0.9638,
      0.3731,
      -0.0188,
      -0.4006,
      -0.4212,
      -0.3384,
      -0.1307,
      0.3052
    ],
    [
      -0.7273,
      0.4446,
      0.2149,
      -0.7074,
      -0.0881,
      0.0115,
      -0.827,
      0.4369,
      0.7236,
      0.9597,
      0.893,
      1.0,
      0.1803,
      0.9335,
      -0.7575,
      -0.845,
      0.3343,
      -0.2174,
      -0.2221,
      -0.3293,
      -0.5232,
      -0.4118,
      0.1632
    ],
    [
      -0.0551,
      0.7541,
      0.6734,
      0.1738,
      -0.2117,
      0.6073,
      0.2888,
      -0.6302,
      -0.3782,
      0.2151,
      -0.0004,
      0.1803,
      1.0,
      0.2994,
      0.4043,
      0.0192,
      -0.4147,
      -0.6002,
      0.2301,
      -0.1546,
      -0.1734,
      -0.5482,
      -0.6847
    ],
    [
      -0.7211,
      0.6125,
      0.2831,
      -0.6027,
      -0.0817,
      0.0996,
      -0.7399,
      0.3987,
      0.4964,
      0.9871,
      0.7438,
      0.9335,
      0.2994,
      1.0,
      -0.6829,
      -0.7054,
      0.2117,
      -0.3226,
      -0.0991,
      -0.3784,
      -0.5941,
      -0.5032,
      0.0819
    ],
    [
      0.7172,
      0.0652,
      0.1368,
      0.7321,
      0.0193,
      0.3378,
      0.9277,
      -0.7897,
      -0.6888,
      -0.7426,
      -0.7259,
      -0.7575,
      0.4043,
      -0.6829,
      1.0,
      0.6699,
      -0.7258,
      0.0872,
      0.3864,
      -0.024,
      0.2951,
      -0.0879,
      -0.7004
    ],
    [
      0.4454,
      -0.0649,
      -0.0722,
      0.9055,
      0.4163,
      0.039,
      0.8094,
      -0.4287,
      -0.7861,
      -0.7584,
      -0.9638,
      -0.845,
      0.0192,
      -0.7054,
      0.6699,
      1.0,
      -0.2415,
      -0.0178,
      0.1874,
      0.4148,
      0.1678,
      0.0573,
      -0.3424
    ],
    [
      -0.6902,
      -0.4062,
      0.022,
      -0.3033,
      0.111,
      -0.2179,
      -0.4832,
      0.4658,
      0.3504,
      0.2351,
      0.3731,
      0.3343,
      -0.4147,
      0.2117,
      -0.7258,
      -0.2415,
      1.0,
      -0.3337,
      -0.5032,
      0.4234,
      -0.0618,
      0.4409,
      0.7408
    ],
    [
      0.522,
      -0.2931,
      -0.4207,
      -0.0287,
      0.3224,
      -0.1699,
      0.0435,
      0.1195,
      0.3439,
      -0.2468,
      -0.0188,
      -0.2174,
      -0.6002,
      -0.3226,
      0.0872,
      -0.0178,
      -0.3337,
      1.0,
      -0.1766,
      -0.4458,
      -0.0969,
      -0.0443,
      -0.074
    ],
    [
      0.1227,
      0.1228,
      -0.4697,
      0.2805,
      -0.3069,
      -0.4386,
      0.1503,
      0.1232,
      -0.2308,
      -0.1358,
      -0.4006,
      -0.2221,
      0.2301,
      -0.0991,
      0.3864,
      0.1874,
      -0.5032,
      -0.1766,
      1.0,
      0.1116,
      0.376,
      -0.0361,
      -0.1664
    ],
    [
      -0.0108,
      -0.363,
      -0.3374,
      0.199,
      -0.1578,
      -0.4792,
      0.0455,
      0.1532,
      -0.3432,
      -0.3367,
      -0.4212,
      -0.3293,
      -0.1546,
      -0.3784,
      -0.024,
      0.4148,
      0.4234,
      -0.4458,
      0.1116,
      1.0,
      0.5955,
      0.5305,
      0.4043
    ],
    [
      0.4868,
      -0.6288,
      -0.4321,
      -0.037,
      -0.6919,
      -0.3847,
      0.1727,
      -0.0106,
      -0.3383,
      -0.5469,
      -0.3384,
