{
  "aliases": [
    "JENA31",
    "JENA31DW1",
    "BIALA19",
    "BIALA20",
    "BIALA21",
    "FROSTILLICUS2",
    "GRANCHIO4",
    "HOBBES5",
    "HOBBES6",
    "MCKINLAY20",
    "MCKINLAY21",
    "MCKINLAY22",
    "MCKINLAY23",
    "MCKINLAY24",
    "STIMPEE6",
    "STIMPEE7",
    "TERINGIE6",
    "MCKINLAY10",
    "MCKINLAY11",
    "MCKINLAY12",
    "MCKINLAY13",
    "MCKINLAY14",
    "MCKINLAY15"
  ],
  "features": [
    "mean_pct_ss",
    "mean_grain_ordinal",
    "mean_avg_GR",
    "mean_RES_DEEP",
    "pay_pct",
    "mean_WRCI",
    "pct_high_risk",
    "pct_zoi"
  ],
  "feature_means": [
    91.98936986683667,
    2.481899148173665,
    89.15922361799771,
    32.24940923073952,
    61.90422165581881,
    27.589385681271644,
    3.806156189826821,
    2.4507707941566674
  ],
  "feature_stds": [
    7.37681632475926,
    1.5124907201732725,
    6.965151658414671,
    7.645068037850418,
    17.08556777036527,
    5.355829835127834,
    7.935557690236239,
    2.9090350767157713
  ],
  "cosine_similarity": [
    [
      1.0,
      -0.0813,
      0.3887,
      0.4488,
      0.0508,
      0.6441,
      0.6786,
      -0.567,
      -0.0611,
      -0.5224,
      -0.1703,
      -0.4242,
      0.2393,
      -0.6551,
      0.7156,
      0.3085,
      -0.4664,
      0.1848,
      0.1058,
      -0.5241,
      0.0111,
      -0.1608,
      -0.5244
    ],
    [
      -0.0813,
      1.0,
      0.1773,
      0.4398,
      0.1838,
      0.5447,
      0.2519,
      -0.371,
      -0.1373,
      0.454,
      0.1088,
      0.4512,
      0.706,
      0.3515,
      0.5359,
      0.2302,
      -0.4039,
      -0.1037,
      -0.2911,
      -0.1323,
      -0.4362,
      -0.8266,
      -0.6932
    ],
    [
      0.3887,
      0.1773,
      1.0,
      0.7991,
      0.6215,
      0.5691,
      0.5669,
      -0.3821,
      0.0973,
      -0.5309,
      -0.4926,
      -0.5691,
      0.2081,
      -0.396,
      0.4349,
      0.8319,
      -0.0427,
      -0.5454,
      -0.5149,
      -0.4944,
      -0.4907,
      -0.4241,
      -0.5975
    ],
    [
      0.4488,
      0.4398,
      0.7991,
      1.0,
      0.6117,
      0.7281,
      0.8047,
      -0.5991,
      -0.2783,
      -0.4743,
      -0.6158,
      -0.5152,
      0.3587,
      -0.4301,
      0.7084,
      0.9436,
      -0.3779,
      -0.3089,
      -0.2935,
      -0.4175,
      -0.4587,
      -0.5868,
      -0.732
    ],
    [
      0.0508,
      0.1838,
      0.6215,
      0.6117,
      1.0,
      0.1315,
      0.2069,
      0.0741,
      0.1585,
      -0.3816,
      -0.4088,
      -0.4727,
      -0.2483,
      0.09,
      0.0598,
      0.6012,
      0.2064,
      -0.1185,
      -0.6671,
      -0.5812,
      -0.7428,
      -0.5923,
      -0.4374
    ],
    [
      0.6441,
      0.5447,
      0.5691,
      0.7281,
      0.1315,
      1.0,
      0.8474,
      -0.6776,
      -0.286,
      -0.2608,
      -0.3935,
      -0.2491,
      0.7231,
      -0.4217,
      0.8824,
      0.5575,
      -0.3993,
      -0.2333,
      -0.1491,
      -0.4208,
      -0.3304,
      -0.5326,
      -0.8684
    ],
    [
      0.6786,
      0.2519,
      0.5669,
      0.8047,
      0.2069,
      0.8474,
      1.0,
      -0.8085,
      -0.5574,
      -0.6472,
      -0.6957,
      -0.5983,
      0.5306,
      -0.7329,
      0.7745,
      0.6975,
      -0.4247,
      -0.1593,
      0.1637,
      -0.1879,
      -0.0704,
      -0.2496,
      -0.712
    ],
    [
      -0.567,
      -0.371,
      -0.3821,
      -0.5991,
      0.0741,
      -0.6776,
      -0.8085,
      1.0,
      0.4691,
      0.3628,
      0.2774,
      0.1926,
      -0.676,
      0.667,
      -0.7227,
      -0.4557,
      0.7631,
      -0.0115,
      -0.431,
      -0.1388,
      -0.2547,
      0.1964,
      0.6239
    ],
    [
      -0.0611,
      -0.1373,
      0.0973,
      -0.2783,
      0.1585,
      -0.286,
      -0.5574,
      0.4691,
      1.0,
      0.3488,
      0.5768,
      0.3131,
      -0.4844,
      0.3052,
      -0.3566,
      -0.2193,
      0.1616,
      0.2304,
      -0.5868,
      -0.4814,
      -0.4211,
      -0.1366,
      0.1208
    ],
    [
      -0.5224,
      0.454,
      -0.5309,
      -0.4743,
      -0.3816,
      -0.2608,
      -0.6472,
      0.3628,
      0.3488,
      1.0,
      0.7758,
      0.9611,
      0.1231,
      0.7598,
      -0.1662,
      -0.5317,
      -0.1005,
      0.1537,
      -0.1605,
      0.1296,
      -0.0755,
      -0.2274,
      0.2069
    ],
    [
      -0.1703,
      0.1088,
      -0.4926,
      -0.6158,
      -0.4088,
      -0.3935,
      -0.6957,
      0.2774,
      0.5768,
      0.7758,
      1.0,
      0.8574,
      -0.0486,
      0.5522,
      -0.1955,
      -0.6963,
      -0.2132,
      0.3899,
      -0.0164,
      0.023,
      0.1598,
      -0.0679,
      0.265
    ],
    [
      -0.4242,
      0.4512,
      -0.5691,
      -0.5152,
      -0.4727,
      -0.2491,
      -0.5983,
      0.1926,
      0.3131,
      0.9611,
      0.8574,
      1.0,
      0.2109,
      0.6639,
      -0.1246,
      -0.6156,
      -0.2468,
      0.2703,
      0.0152,
      0.2281,
      0.0896,
      -0.1862,
      0.1587
    ],
    [
      0.2393,
      0.706,
      0.2081,
      0.3587,
      -0.2483,
      0.7231,
      0.5306,
      -0.676,
      -0.4844,
      0.1231,
      -0.0486,
      0.2109,
      1.0,
      -0.0866,
      0.7195,
      0.1611,
      -0.4389,
      -0.3461,
      0.1614,
      0.1253,
      0.0888,
      -0.4045,
      -0.6326
    ],
    [
      -0.6551,
      0.3515,
      -0.396,
      -0.4301,
      0.09,
      -0.4217,
      -0.7329,
      0.667,
      0.3052,
      0.7598,
      0.5522,
      0.6639,
      -0.0866,
      1.0,
      -0.3635,
      -0.4796,
      0.3714,
      -0.0215,
      -0.451,
      -0.0554,
      -0.3296,
      -0.3536,
      0.1949
    ],
    [
      0.7156,
      0.5359,
      0.4349,
      0.7084,
      0.0598,
      0.8824,
      0.7745,
      -0.7227,
      -0.3566,
      -0.1662,
      -0.1955,
      -0.1246,
      0.7195,
      -0.3635,
      1.0,
      0.5129,
      -0.6499,
      -0.1407,
      0.0006,
      -0.3778,
      -0.1329,
      -0.5512,
      -0.7485
    ],
    [
      0.3085,
      0.2302,
      0.8319,
      0.9436,
      0.6012,
      0.5575,
      0.6975,
      -0.4557,
      -0.2193,
      -0.5317,
      -0.6963,
      -0.6156,
      0.1611,
      -0.4796,
      0.5129,
      1.0,
      -0.23,
      -0.4369,
      -0.3104,
      -0.3293,
      -0.4128,
      -0.3792,
      -0.5001
    ],
    [
      -0.4664,
      -0.4039,
      -0.0427,
      -0.3779,
      0.2064,
      -0.3993,
      -0.4247,
      0.7631,
      0.1616,
      -0.1005,
      -0.2132,
      -0.2468,
      -0.4389,
      0.3714,
      -0.6499,
      -0.23,
      1.0,
      -0.3569,
      -0.3906,
      -0.0612,
      -0.2548,
      0.266,
      0.3683
    ],
    [
      0.1848,
      -0.1037,
      -0.5454,
      -0.3089,
      -0.1185,
      -0.2333,
      -0.1593,
      -0.0115,
      0.2304,
      0.1537,
      0.3899,
      0.2703,
      -0.3461,
      -0.0215,
      -0.1407,
      -0.4369,
      -0.3569,
      1.0,
      0.3133,
      -0.0356,
      0.1198,
      0.0469,
      0.0593
    ],
    [
      0.1058,
      -0.2911,
      -0.5149,
      -0.2935,
      -0.6671,
      -0.1491,
      0.1637,
      -0.431,
      -0.5868,
      -0.1605,
      -0.0164,
      0.0152,
      0.1614,
      -0.451,
      0.0006,
      -0.3104,
      -0.3906,
      0.3133,
      1.0,
      0.7515,
      0.9182,
      0.634,
      0.3166
    ],
    [
      -0.5241,
      -0.1323,
      -0.4944,
      -0.4175,
      -0.5812,
      -0.4208,
      -0.1879,
      -0.1388,
      -0.4814,
      0.1296,
      0.023,
      0.2281,
      0.1253,
      -0.0554,
      -0.3778,
      -0.3293,
      -0.0612,
      -0.0356,
      0.7515,
      1.0,
      0.7707,
      0.6112,
      0.5025
    ],
    [
      0.0111,
      -0.4362,
      -0.4907,
      -0.4587,
      -0.7428,
      -0.3304,
      -0.0704,
      -0.2547,
      -0.4211,
