{
  "aliases": [
    "JENA31",
    "JENA31DW1",
    "BIALA19",
    "BIALA20",
    "BIALA21",
    "FROSTILLICUS2",
    "GRANCHIO4",
    "HOBBES5",
    "HOBBES6",
    "MCKINLAY20",
    "MCKINLAY21",
    "MCKINLAY22",
    "MCKINLAY23",
    "MCKINLAY24",
    "STIMPEE6",
    "STIMPEE7",
    "TERINGIE6",
    "MCKINLAY10",
    "MCKINLAY11",
    "MCKINLAY12",
    "MCKINLAY13",
    "MCKINLAY14",
    "MCKINLAY15",
    "JENA31_DUAL"
  ],
  "features": [
    "mean_pct_ss",
    "mean_grain_ordinal",
    "mean_avg_GR",
    "mean_RES_DEEP",
    "pay_pct",
    "mean_WRCI",
    "pct_high_risk",
    "pct_zoi"
  ],
  "feature_means": [
    91.87252457542381,
    2.5296146762999467,
    89.06882899219228,
    32.47478808531866,
    62.508333333333354,
    27.434987935343887,
    3.6705866064109247,
    2.4752667624480216
  ],
  "feature_stds": [
    7.243206578309529,
    1.4982243107076272,
    6.8322679901796635,
    7.561750482647799,
    16.974394850938154,
    5.295091857184447,
    7.795634500746782,
    2.8502074905702046
  ],
  "cosine_similarity": [
    [
      1.0,
      -0.1266,
      0.3668,
      0.4226,
      0.0353,
      0.6213,
      0.6618,
      -0.563,
      -0.0727,
      -0.5538,
      -0.2036,
      -0.4572,
      0.2045,
      -0.6922,
      0.6987,
      0.2789,
      -0.4624,
      0.1764,
      0.0896,
      -0.5338,
      0.0021,
      -0.1567,
      -0.5094,
      0.7197
    ],
    [
      -0.1266,
      1.0,
      0.1531,
      0.4199,
      0.174,
      0.525,
      0.2269,
      -0.3657,
      -0.152,
      0.4389,
      0.0773,
      0.4342,
      0.6948,
      0.3206,
      0.5124,
      0.2057,
      -0.3956,
      -0.1154,
      -0.309,
      -0.1338,
      -0.4491,
      -0.8207,
      -0.6811,
      0.597
    ],
    [
      0.3668,
      0.1531,
      1.0,
      0.795,
      0.6217,
      0.5518,
      0.5538,
      -0.3708,
      0.0903,
      -0.5491,
      -0.5161,
      -0.5911,
      0.1808,
      -0.4107,
      0.4128,
      0.8295,
      -0.0315,
      -0.5602,
      -0.5281,
      -0.4892,
      -0.4948,
      -0.4131,
      -0.5769,
      0.3981
    ],
    [
      0.4226,
      0.4199,
      0.795,
      1.0,
      0.6112,
      0.7145,
      0.7974,
      -0.5961,
      -0.2944,
      -0.5038,
      -0.6563,
      -0.5488,
      0.3335,
      -0.4617,
      0.6935,
      0.9404,
      -0.3705,
      -0.3294,
      -0.3152,
      -0.4211,
      -0.4729,
      -0.5839,
      -0.7204,
      0.6409
    ],
    [
      0.0353,
      0.174,
      0.6217,
      0.6112,
      1.0,
      0.1157,
      0.1973,
      0.0789,
      0.156,
      -0.3882,
      -0.416,
      -0.4807,
      -0.2691,
      0.0828,
      0.0402,
      0.6,
      0.2128,
      -0.1232,
      -0.6708,
      -0.5708,
      -0.7389,
      -0.579,
      -0.4241,
      0.1559
    ],
    [
      0.6213,
      0.525,
      0.5518,
      0.7145,
      0.1157,
      1.0,
      0.8418,
      -0.6821,
      -0.313,
      -0.2958,
      -0.4477,
      -0.288,
      0.7107,
      -0.4705,
      0.8732,
      0.537,
      -0.3953,
      -0.258,
      -0.1738,
      -0.4309,
      -0.3503,
      -0.5346,
      -0.8639,
      0.8667
    ],
    [
      0.6618,
      0.2269,
      0.5538,
      0.7974,
      0.1973,
      0.8418,
      1.0,
      -0.8079,
      -0.5795,
      -0.6782,
      -0.7392,
      -0.633,
      0.5134,
      -0.7668,
      0.7653,
      0.6855,
      -0.42,
      -0.1784,
      0.1468,
      -0.1941,
      -0.0837,
      -0.2498,
      -0.7025,
      0.6925
    ],
    [
      -0.563,
      -0.3657,
      -0.3708,
      -0.5961,
      0.0789,
      -0.6821,
      -0.8079,
      1.0,
      0.48,
      0.3826,
      0.3098,
      0.2162,
      -0.6714,
      0.6943,
      -0.7315,
      -0.4412,
      0.7683,
      -0.0001,
      -0.398,
      -0.1037,
      -0.2218,
      0.2217,
      0.6338,
      -0.7035
    ],
    [
      -0.0727,
      -0.152,
      0.0903,
      -0.2944,
      0.156,
      -0.313,
      -0.5795,
      0.48,
      1.0,
      0.3533,
      0.5833,
      0.318,
      -0.5065,
      0.3137,
      -0.3873,
      -0.2266,
      0.1743,
      0.2356,
      -0.5723,
      -0.4556,
      -0.402,
      -0.1123,
      0.143,
      -0.1647
    ],
    [
      -0.5538,
      0.4389,
      -0.5491,
      -0.5038,
      -0.3882,
      -0.2958,
      -0.6782,
      0.3826,
      0.3533,
      1.0,
      0.7772,
      0.9616,
      0.1053,
      0.7585,
      -0.2029,
      -0.549,
      -0.0746,
      0.1563,
      -0.1463,
      0.152,
      -0.0572,
      -0.1907,
      0.2374,
      -0.1366
    ],
    [
      -0.2036,
      0.0773,
      -0.5161,
      -0.6563,
      -0.416,
      -0.4477,
      -0.7392,
      0.3098,
      0.5833,
      0.7772,
      1.0,
      0.8567,
      -0.0827,
      0.5576,
      -0.2472,
      -0.7201,
      -0.1775,
      0.3906,
      -0.0045,
      0.0497,
      0.1774,
      -0.0261,
      0.3076,
      -0.1126
    ],
    [
      -0.4572,
      0.4342,
      -0.5911,
      -0.5488,
      -0.4807,
      -0.288,
      -0.633,
      0.2162,
      0.318,
      0.9616,
      0.8567,
      1.0,
      0.1911,
      0.6625,
      -0.1636,
      -0.6373,
      -0.2198,
      0.272,
      0.0248,
      0.2459,
      0.1033,
      -0.1523,
      0.1906,
      -0.0663
    ],
    [
      0.2045,
      0.6948,
      0.1808,
      0.3335,
      -0.2691,
      0.7107,
      0.5134,
      -0.6714,
      -0.5065,
      0.1053,
      -0.0827,
      0.1911,
      1.0,
      -0.1182,
      0.7065,
      0.1322,
      -0.4319,
      -0.365,
      0.1501,
      0.1246,
      0.0814,
      -0.3982,
      -0.6176,
      0.6395
    ],
    [
      -0.6922,
      0.3206,
      -0.4107,
      -0.4617,
      0.0828,
      -0.4705,
      -0.7668,
      0.6943,
      0.3137,
      0.7585,
      0.5576,
      0.6625,
      -0.1182,
      1.0,
      -0.4177,
      -0.4913,
      0.4066,
      -0.0181,
      -0.4224,
      -0.0129,
      -0.2935,
      -0.2905,
      0.2454,
      -0.3325
    ],
    [
      0.6987,
      0.5124,
      0.4128,
      0.6935,
      0.0402,
      0.8732,
      0.7653,
      -0.7315,
      -0.3873,
      -0.2029,
      -0.2472,
      -0.1636,
      0.7065,
      -0.4177,
      1.0,
      0.4898,
      -0.6543,
      -0.1652,
      -0.0206,
      -0.3899,
      -0.1476,
      -0.5543,
      -0.7427,
      0.9258
    ],
    [
      0.2789,
      0.2057,
      0.8295,
      0.9404,
      0.6,
      0.537,
      0.6855,
      -0.4412,
      -0.2266,
      -0.549,
      -0.7201,
      -0.6373,
      0.1322,
      -0.4913,
      0.4898,
      1.0,
      -0.2135,
      -0.4546,
      -0.3213,
      -0.3195,
      -0.4145,
      -0.3637,
      -0.4758,
      0.3761
    ],
    [
      -0.4624,
      -0.3956,
      -0.0315,
      -0.3705,
      0.2128,
      -0.3953,
      -0.42,
      0.7683,
      0.1743,
      -0.0746,
      -0.1775,
      -0.2198,
      -0.4319,
      0.4066,
      -0.6543,
      -0.2135,
      1.0,
      -0.3442,
      -0.3637,
      -0.0336,
      -0.2284,
      0.2826,
      0.38,
      -0.6552
    ],
    [
      0.1764,
      -0.1154,
      -0.5602,
      -0.3294,
      -0.1232,
      -0.258,
      -0.1784,
      -0.0001,
      0.2356,
      0.1563,
      0.3906,
      0.272,
      -0.365,
      -0.0181,
      -0.1652,
      -0.4546,
      -0.3442,
      1.0,
      0.3087,
      -0.0331,
      0.1185,
      0.0526,
      0.0693,
      0.07
    ],
    [
      0.0896,
      -0.309,
      -0.5281,
      -0.3152,
      -0.6708,
      -0.1738,
      0.1468,
      -0.398,
      -0.5723,
      -0.1463,
      -0.0045,
      0.0248,
      0.1501,
      -0.4224,
      -0.0206,
      -0.3213,
      -0.3637,
      0.3087,
      1.0,
      0.7562,
      0.9194,
      0.6457,
      0.3416,
      -0.1481
    ],
    [
      -0.5338,
      -0.1338,
      -0.4892,
      -0.4211,
      -0.5708,
      -0.4309,
      -0.1941,
      -0.1037,
      -0.4556,
      0.152,
      0.0497,
      0.2459,
      0.1246,
      -0.0129,
