{
  "aliases": [
    "JENA31",
    "JENA31DW1",
    "BIALA19",
    "BIALA20",
    "BIALA21",
    "FROSTILLICUS2",
    "GRANCHIO4",
    "HOBBES5",
    "HOBBES6",
    "MCKINLAY20",
    "MCKINLAY21",
    "MCKINLAY22",
    "MCKINLAY23",
    "MCKINLAY24",
    "STIMPEE6",
    "STIMPEE7",
    "TERINGIE6",
    "MCKINLAY10",
    "MCKINLAY11",
    "MCKINLAY12",
    "MCKINLAY13",
    "MCKINLAY14",
    "MCKINLAY15"
  ],
  "features": [
    "mean_pct_ss",
    "mean_grain_ordinal",
    "mean_avg_GR",
    "mean_RES_DEEP",
    "pay_pct",
    "mean_WRCI",
    "pct_high_risk",
    "pct_zoi"
  ],
  "feature_means": [
    91.98936986683667,
    1.3842326108437863,
    89.15922361799771,
    32.24940923073952,
    61.90422165581881,
    26.271552226597088,
    1.8931626564762067,
    1.935958143933055
  ],
  "feature_stds": [
    7.37681632475926,
    1.5084785725683594,
    6.965151658414671,
    7.645068037850418,
    17.08556777036527,
    4.724698546031885,
    4.71909267883379,
    2.618140408356986
  ],
  "cosine_similarity": [
    [
      1.0,
      -0.2107,
      -0.2045,
      0.1821,
      -0.2289,
      0.1833,
      0.6932,
      -0.443,
      -0.2615,
      -0.5097,
      -0.2762,
      -0.3493,
      0.1651,
      -0.6225,
      0.7491,
      0.2514,
      -0.5389,
      0.4628,
      0.6885,
      -0.1599,
      0.4364,
      0.0505,
      -0.3546
    ],
    [
      -0.2107,
      1.0,
      0.3241,
      0.0483,
      0.041,
      0.6373,
      0.0846,
      -0.3561,
      -0.1604,
      0.5568,
      0.2962,
      0.5542,
      0.7527,
      0.3591,
      0.2995,
      0.0579,
      -0.4288,
      -0.1387,
      -0.4233,
      -0.2517,
      -0.5403,
      -0.8206,
      -0.6529
    ],
    [
      -0.2045,
      0.3241,
      1.0,
      0.5184,
      0.3542,
      0.6897,
      0.0719,
      -0.5462,
      0.0746,
      -0.1527,
      -0.0277,
      -0.2354,
      0.2989,
      0.099,
      -0.2511,
      0.183,
      -0.0228,
      -0.4855,
      -0.5702,
      -0.5159,
      -0.4813,
      -0.2503,
      -0.4211
    ],
    [
      0.1821,
      0.0483,
      0.5184,
      1.0,
      0.5985,
      0.1958,
      0.479,
      -0.4304,
      -0.1472,
      -0.6962,
      -0.648,
      -0.6828,
      -0.002,
      -0.4554,
      0.2174,
      0.8632,
      -0.2805,
      -0.144,
      -0.0462,
      -0.1731,
      -0.2075,
      -0.293,
      -0.4664
    ],
    [
      -0.2289,
      0.041,
      0.3542,
      0.5985,
      1.0,
      -0.0477,
      -0.0287,
      -0.1904,
      0.1201,
      -0.3778,
      -0.3016,
      -0.4615,
      -0.2957,
      0.299,
      -0.2695,
      0.3326,
      0.3378,
      0.0148,
      -0.5479,
      -0.3909,
      -0.6289,
      -0.4705,
      -0.3758
    ],
    [
      0.1833,
      0.6373,
      0.6897,
      0.1958,
      -0.0477,
      1.0,
      0.4475,
      -0.7686,
      -0.3221,
      0.0817,
      0.0316,
      0.0432,
      0.7384,
      0.0617,
      0.3004,
      0.1081,
      -0.3601,
      -0.2465,
      -0.2426,
      -0.5135,
      -0.3827,
      -0.4072,
      -0.6844
    ],
    [
      0.6932,
      0.0846,
      0.0719,
      0.479,
      -0.0287,
      0.4475,
      1.0,
      -0.7273,
      -0.6995,
      -0.6075,
      -0.7318,
      -0.5428,
      0.4265,
      -0.6183,
      0.7621,
      0.6786,
      -0.3872,
      -0.0096,
      0.5425,
      0.0753,
      0.165,
      -0.0643,
      -0.5805
    ],
    [
      -0.443,
      -0.3561,
      -0.5462,
      -0.4304,
      -0.1904,
      -0.7686,
      -0.7273,
      1.0,
      0.5149,
      0.4068,
      0.3484,
      0.3765,
      -0.6823,
      0.1202,
      -0.4872,
      -0.3467,
      0.1942,
      0.3008,
      -0.0497,
      0.273,
      0.1336,
      0.3433,
      0.8209
    ],
    [
      -0.2615,
      -0.1604,
      0.0746,
      -0.1472,
      0.1201,
      -0.3221,
      -0.6995,
      0.5149,
      1.0,
      0.2746,
      0.593,
      0.3176,
      -0.5168,
      0.1543,
      -0.6061,
      -0.4931,
      0.0863,
      0.4269,
      -0.505,
      -0.3842,
      -0.282,
      0.0013,
      0.2571
    ],
    [
      -0.5097,
      0.5568,
      -0.1527,
      -0.6962,
      -0.3778,
      0.0817,
      -0.6075,
      0.4068,
      0.2746,
      1.0,
      0.813,
      0.9659,
      0.2572,
      0.6148,
      -0.2147,
      -0.6478,
      -0.0593,
      0.0426,
      -0.4047,
      -0.0524,
      -0.2575,
      -0.2783,
      0.1592
    ],
    [
      -0.2762,
      0.2962,
      -0.0277,
      -0.648,
      -0.3016,
      0.0316,
      -0.7318,
      0.3484,
      0.593,
      0.813,
      1.0,
      0.8398,
      0.1036,
      0.5792,
      -0.3067,
      -0.837,
      -0.0668,
      0.188,
      -0.4126,
      -0.3326,
      -0.1369,
      -0.2068,
      0.1612
    ],
    [
      -0.3493,
      0.5542,
      -0.2354,
      -0.6828,
      -0.4615,
      0.0432,
      -0.5428,
      0.3765,
      0.3176,
      0.9659,
      0.8398,
      1.0,
      0.3153,
      0.4822,
      -0.0662,
      -0.6323,
      -0.2079,
      0.1362,
      -0.2723,
      -0.0089,
      -0.1345,
      -0.3049,
      0.0948
    ],
    [
      0.1651,
      0.7527,
      0.2989,
      -0.002,
      -0.2957,
      0.7384,
      0.4265,
      -0.6823,
      -0.5168,
      0.2572,
      0.1036,
      0.3153,
      1.0,
      0.0752,
      0.5795,
      0.0911,
      -0.4455,
      -0.4054,
      0.0729,
      0.0181,
      -0.0015,
      -0.4633,
      -0.6354
    ],
    [
      -0.6225,
      0.3591,
      0.099,
      -0.4554,
      0.299,
      0.0617,
      -0.6183,
      0.1202,
      0.1543,
      0.6148,
      0.5792,
      0.4822,
      0.0752,
      1.0,
      -0.4779,
      -0.6059,
      0.5006,
      -0.1709,
      -0.6818,
      -0.2718,
      -0.4989,
      -0.3783,
      -0.0015
    ],
    [
      0.7491,
      0.2995,
      -0.2511,
      0.2174,
      -0.2695,
      0.3004,
      0.7621,
      -0.4872,
      -0.6061,
      -0.2147,
      -0.3067,
      -0.0662,
      0.5795,
      -0.4779,
      1.0,
      0.4758,
      -0.7289,
      0.1843,
      0.6642,
      0.1242,
      0.3549,
      -0.3096,
      -0.5308
    ],
    [
      0.2514,
      0.0579,
      0.183,
      0.8632,
      0.3326,
      0.1081,
      0.6786,
      -0.3467,
      -0.4931,
      -0.6478,
      -0.837,
      -0.6323,
      0.0911,
      -0.6059,
      0.4758,
      1.0,
      -0.363,
      -0.1578,
      0.2929,
      0.1859,
      0.0197,
      -0.1685,
      -0.3534
    ],
    [
      -0.5389,
      -0.4288,
      -0.0228,
      -0.2805,
      0.3378,
      -0.3601,
      -0.3872,
      0.1942,
      0.0863,
      -0.0593,
      -0.0668,
      -0.2079,
      -0.4455,
      0.5006,
      -0.7289,
      -0.363,
      1.0,
      -0.3065,
      -0.328,
      0.18,
      -0.1475,
      0.3881,
      0.3954
    ],
    [
      0.4628,
      -0.1387,
      -0.4855,
      -0.144,
      0.0148,
      -0.2465,
      -0.0096,
      0.3008,
      0.4269,
      0.0426,
      0.188,
      0.1362,
      -0.4054,
      -0.1709,
      0.1843,
      -0.1578,
      -0.3065,
      1.0,
      0.1007,
      -0.4016,
      -0.126,
      -0.1483,
      -0.0532
    ],
    [
      0.6885,
      -0.4233,
      -0.5702,
      -0.0462,
      -0.5479,
      -0.2426,
      0.5425,
      -0.0497,
      -0.505,
      -0.4047,
      -0.4126,
      -0.2723,
      0.0729,
      -0.6818,
      0.6642,
      0.2929,
      -0.328,
      0.1007,
      1.0,
      0.5585,
      0.8746,
      0.4652,
      0.1852
    ],
    [
      -0.1599,
      -0.2517,
      -0.5159,
      -0.1731,
      -0.3909,
      -0.5135,
      0.0753,
      0.273,
      -0.3842,
      -0.0524,
      -0.3326,
      -0.0089,
      0.0181,
      -0.2718,
      0.1242,
      0.1859,
      0.18,
      -0.4016,
      0.5585,
      1.0,
      0.6307,
      0.4623,
      0.4441
    ],
    [
      0.4364,
      -0.5403,
      -0.4813,
      -0.2075,
      -0.6289,
      -0.3827,
      0.165,
      0.1336,
      -0.282,
      -0.2575,
