{
  "aliases": [
    "JENA31",
    "JENA31DW1",
    "BIALA19",
    "BIALA20",
    "BIALA21",
    "FROSTILLICUS2",
    "GRANCHIO4",
    "HOBBES5",
    "HOBBES6",
    "MCKINLAY20",
    "MCKINLAY21",
    "MCKINLAY22",
    "MCKINLAY23",
    "MCKINLAY24",
    "STIMPEE6",
    "STIMPEE7",
    "TERINGIE6",
    "MCKINLAY10",
    "MCKINLAY11",
    "MCKINLAY12",
    "MCKINLAY13",
    "MCKINLAY14",
    "MCKINLAY15"
  ],
  "features": [
    "mean_pct_ss",
    "mean_grain_ordinal",
    "mean_avg_GR",
    "mean_RES_DEEP",
    "pay_pct",
    "mean_WRCI",
    "pct_high_risk",
    "pct_zoi"
  ],
  "feature_means": [
    91.98936986683667,
    1.3842326108437863,
    89.15922361799771,
    32.24940923073952,
    61.90422165581881,
    27.742865679771313,
    0.6836204539239814,
    3.1707883804757855
  ],
  "feature_stds": [
    7.37681632475926,
    1.5084785725683594,
    6.965151658414671,
    7.645068037850418,
    17.08556777036527,
    5.488151824359748,
    3.206464150822689,
    2.8043908094725047
  ],
  "cosine_similarity": [
    [
      1.0,
      -0.3434,
      -0.0908,
      0.3258,
      -0.0529,
      0.2038,
      0.6878,
      -0.5232,
      -0.2671,
      -0.5426,
      -0.2504,
      -0.4471,
      0.1104,
      -0.6716,
      0.6798,
      0.1923,
      -0.4263,
      0.4381,
      0.6403,
      -0.2401,
      0.4119,
      0.0706,
      -0.3645
    ],
    [
      -0.3434,
      1.0,
      0.5657,
      0.0953,
      0.2477,
      0.6991,
      0.0453,
      -0.4429,
      -0.1448,
      0.4956,
      0.3255,
      0.4443,
      0.6849,
      0.5535,
      0.1487,
      0.0179,
      -0.2604,
      -0.2103,
      -0.5636,
      -0.3341,
      -0.6522,
      -0.84,
      -0.6552
    ],
    [
      -0.0908,
      0.5657,
      1.0,
      0.397,
      0.4445,
      0.7098,
      0.2051,
      -0.594,
      -0.0931,
      -0.1855,
      0.0154,
      -0.2517,
      0.3609,
      0.0899,
      0.1871,
      0.393,
      -0.0955,
      -0.5169,
      -0.5469,
      -0.5001,
      -0.3963,
      -0.3426,
      -0.5759
    ],
    [
      0.3258,
      0.0953,
      0.397,
      1.0,
      0.7851,
      0.1569,
      0.693,
      -0.5942,
      -0.4402,
      -0.7322,
      -0.6015,
      -0.765,
      0.0157,
      -0.7023,
      0.6984,
      0.9717,
      -0.2999,
      -0.1104,
      0.105,
      -0.1015,
      -0.0288,
      -0.2929,
      -0.579
    ],
    [
      -0.0529,
      0.2477,
      0.4445,
      0.7851,
      1.0,
      0.0118,
      0.1862,
      -0.2326,
      0.0873,
      -0.4327,
      -0.232,
      -0.4876,
      -0.2852,
      -0.3188,
      0.3013,
      0.7759,
      -0.1588,
      0.0898,
      -0.4336,
      -0.399,
      -0.4483,
      -0.4679,
      -0.4714
    ],
    [
      0.2038,
      0.6991,
      0.7098,
      0.1569,
      0.0118,
      1.0,
      0.4673,
      -0.7485,
      -0.3935,
      0.1055,
      0.0581,
      0.0598,
      0.7592,
      0.2224,
      0.3649,
      0.0593,
      -0.3151,
      -0.231,
      -0.215,
      -0.4929,
      -0.3789,
      -0.4891,
      -0.7104
    ],
    [
      0.6878,
      0.0453,
      0.2051,
      0.693,
      0.1862,
      0.4673,
      1.0,
      -0.7708,
      -0.7054,
      -0.6209,
      -0.6904,
      -0.6071,
      0.3995,
      -0.6639,
      0.7586,
      0.586,
      -0.3433,
      -0.0354,
      0.4961,
      0.0024,
      0.1343,
      -0.1318,
      -0.6213
    ],
    [
      -0.5232,
      -0.4429,
      -0.594,
      -0.5942,
      -0.2326,
      -0.7485,
      -0.7708,
      1.0,
      0.6042,
      0.3653,
      0.2279,
      0.3501,
      -0.6986,
      0.3757,
      -0.7992,
      -0.4694,
      0.3548,
      0.229,
      -0.1505,
      0.3047,
      -0.0012,
      0.4854,
      0.863
    ],
    [
      -0.2671,
      -0.1448,
      -0.0931,
      -0.4402,
      0.0873,
      -0.3935,
      -0.7054,
      0.6042,
      1.0,
      0.2334,
      0.4877,
      0.3063,
      -0.561,
      0.3561,
      -0.6495,
      -0.4464,
      0.2275,
      0.3785,
      -0.5452,
      -0.2826,
      -0.3157,
      0.1122,
      0.2898
    ],
    [
      -0.5426,
      0.4956,
      -0.1855,
      -0.7322,
      -0.4327,
      0.1055,
      -0.6209,
      0.3653,
      0.2334,
      1.0,
      0.7538,
      0.9775,
      0.313,
      0.9233,
      -0.4204,
      -0.7275,
      -0.0716,
      0.0817,
      -0.33,
      -0.0071,
      -0.2925,
      -0.3194,
      0.2011
    ],
    [
      -0.2504,
      0.3255,
      0.0154,
      -0.6015,
      -0.232,
      0.0581,
      -0.6904,
      0.2279,
      0.4877,
      0.7538,
      1.0,
      0.7812,
      0.1491,
      0.6962,
      -0.217,
      -0.611,
      -0.2361,
      0.2082,
      -0.3499,
      -0.3482,
      -0.0926,
      -0.308,
      0.1103
    ],
    [
      -0.4471,
      0.4443,
      -0.2517,
      -0.765,
      -0.4876,
      0.0598,
      -0.6071,
      0.3501,
      0.3063,
      0.9775,
      0.7812,
      1.0,
      0.329,
      0.8721,
      -0.3995,
      -0.7909,
      -0.0881,
      0.1454,
      -0.2639,
      0.0265,
      -0.2238,
      -0.301,
      0.174
    ],
    [
      0.1104,
      0.6849,
      0.3609,
      0.0157,
      -0.2852,
      0.7592,
      0.3995,
      -0.6986,
      -0.561,
      0.313,
      0.1491,
      0.329,
      1.0,
      0.2407,
      0.4445,
      -0.0835,
      -0.3549,
      -0.3708,
      0.1094,
      0.0259,
      -0.0141,
      -0.4852,
      -0.5808
    ],
    [
      -0.6716,
      0.5535,
      0.0899,
      -0.7023,
      -0.3188,
      0.2224,
      -0.6639,
      0.3757,
      0.3561,
      0.9233,
      0.6962,
      0.8721,
      0.2407,
      1.0,
      -0.592,
      -0.6711,
      0.046,
      -0.0833,
      -0.5854,
      -0.1262,
      -0.4804,
      -0.2469,
      0.1875
    ],
    [
      0.6798,
      0.1487,
      0.1871,
      0.6984,
      0.3013,
      0.3649,
      0.7586,
      -0.7992,
      -0.6495,
      -0.4204,
      -0.217,
      -0.3995,
      0.4445,
      -0.592,
      1.0,
      0.6028,
      -0.6477,
      0.0824,
      0.5012,
      -0.1416,
      0.3137,
      -0.4056,
      -0.6401
    ],
    [
      0.1923,
      0.0179,
      0.393,
      0.9717,
      0.7759,
      0.0593,
      0.586,
      -0.4694,
      -0.4464,
      -0.7275,
      -0.611,
      -0.7909,
      -0.0835,
      -0.6711,
      0.6028,
      1.0,
      -0.2398,
      -0.2274,
      0.0921,
      -0.0129,
      0.0342,
      -0.165,
      -0.4046
    ],
    [
      -0.4263,
      -0.2604,
      -0.0955,
      -0.2999,
      -0.1588,
      -0.3151,
      -0.3433,
      0.3548,
      0.2275,
      -0.0716,
      -0.2361,
      -0.0881,
      -0.3549,
      0.046,
      -0.6477,
      -0.2398,
      1.0,
      -0.2627,
      -0.2995,
      0.1474,
      -0.1688,
      0.3386,
      0.3436
    ],
    [
      0.4381,
      -0.2103,
      -0.5169,
      -0.1104,
      0.0898,
      -0.231,
      -0.0354,
      0.229,
      0.3785,
      0.0817,
      0.2082,
      0.1454,
      -0.3708,
      -0.0833,
      0.0824,
      -0.2274,
      -0.2627,
      1.0,
      0.1114,
      -0.4112,
      -0.1526,
      -0.1902,
      -0.0394
    ],
    [
      0.6403,
      -0.5636,
      -0.5469,
      0.105,
      -0.4336,
      -0.215,
      0.4961,
      -0.1505,
      -0.5452,
      -0.33,
      -0.3499,
      -0.2639,
      0.1094,
      -0.5854,
      0.5012,
      0.0921,
      -0.2995,
      0.1114,
      1.0,
      0.5128,
      0.8378,
      0.4176,
      0.1862
    ],
    [
      -0.2401,
      -0.3341,
      -0.5001,
      -0.1015,
      -0.399,
      -0.4929,
      0.0024,
      0.3047,
      -0.2826,
      -0.0071,
      -0.3482,
      0.0265,
      0.0259,
      -0.1262,
      -0.1416,
      -0.0129,
      0.1474,
      -0.4112,
      0.5128,
      1.0,
      0.5429,
      0.49,
      0.4922
    ],
    [
      0.4119,
      -0.6522,
      -0.3963,
      -0.0288,
      -0.4483,
      -0.3789,
      0.1343,
      -0.0012,
      -0.3157,
      -0.2925,
      -0.0926,
