{
  "aliases": [
    "JENA31",
    "JENA31DW1",
    "BIALA19",
    "BIALA20",
    "BIALA21",
    "FROSTILLICUS2",
    "GRANCHIO4",
    "HOBBES5",
    "HOBBES6",
    "MCKINLAY20",
    "MCKINLAY21",
    "MCKINLAY22",
    "MCKINLAY23",
    "MCKINLAY24",
    "STIMPEE6",
    "STIMPEE7",
    "TERINGIE6",
    "MCKINLAY10",
    "MCKINLAY11",
    "MCKINLAY12",
    "MCKINLAY13",
    "MCKINLAY14",
    "MCKINLAY15",
    "JENA31_DUAL"
  ],
  "features": [
    "mean_pct_ss",
    "mean_grain_ordinal",
    "mean_avg_GR",
    "mean_RES_DEEP",
    "pay_pct",
    "mean_WRCI",
    "pct_high_risk",
    "pct_zoi"
  ],
  "feature_means": [
    91.87252457542381,
    1.409889585391962,
    89.06882899219228,
    32.47478808531866,
    62.508333333333354,
    26.086375902238416,
    3.1858591039859423,
    1.9128438658363969
  ],
  "feature_stds": [
    7.243206578309529,
    1.4818350903379929,
    6.8322679901796635,
    7.561750482647799,
    16.974394850938154,
    4.709706668674605,
    6.798330332808783,
    2.5654115857995867
  ],
  "cosine_similarity": [
    [
      1.0,
      -0.2571,
      -0.228,
      0.1645,
      -0.23,
      0.1464,
      0.6802,
      -0.4904,
      -0.2601,
      -0.5246,
      -0.2851,
      -0.3733,
      0.1319,
      -0.7175,
      0.7356,
      0.225,
      -0.5096,
      0.4575,
      0.6742,
      -0.1585,
      0.4274,
      0.0406,
      -0.3631,
      0.6431
    ],
    [
      -0.2571,
      1.0,
      0.3193,
      0.0344,
      0.0803,
      0.6284,
      0.0593,
      -0.4041,
      -0.163,
      0.5489,
      0.2854,
      0.539,
      0.7448,
      0.4716,
      0.2666,
      0.0339,
      -0.3994,
      -0.1574,
      -0.4582,
      -0.2545,
      -0.5615,
      -0.8435,
      -0.6681,
      0.5742
    ],
    [
      -0.228,
      0.3193,
      1.0,
      0.5188,
      0.4283,
      0.6879,
      0.0575,
      -0.5442,
      0.08,
      -0.147,
      -0.0184,
      -0.2357,
      0.2902,
      0.1612,
      -0.2745,
      0.1823,
      -0.0153,
      -0.4928,
      -0.5766,
      -0.4939,
      -0.4769,
      -0.2564,
      -0.4183,
      0.051
    ],
    [
      0.1645,
      0.0344,
      0.5188,
      1.0,
      0.6968,
      0.1821,
      0.4709,
      -0.4628,
      -0.1294,
      -0.6834,
      -0.6274,
      -0.6784,
      -0.0177,
      -0.5028,
      0.2049,
      0.8626,
      -0.2749,
      -0.1505,
      -0.0505,
      -0.1522,
      -0.202,
      -0.2975,
      -0.4683,
      0.1655
    ],
    [
      -0.23,
      0.0803,
      0.4283,
      0.6968,
      1.0,
      -0.0154,
      -0.0146,
      0.0265,
      0.1734,
      -0.4091,
      -0.3649,
      -0.4751,
      -0.3189,
      0.0682,
      -0.2789,
      0.4169,
      0.2353,
      0.032,
      -0.5734,
      -0.4286,
      -0.6595,
      -0.434,
      -0.3199,
      -0.1301
    ],
    [
      0.1464,
      0.6284,
      0.6879,
      0.1821,
      -0.0154,
      1.0,
      0.4274,
      -0.8115,
      -0.3243,
      0.0774,
      0.0273,
      0.0283,
      0.7313,
      0.1256,
      0.2681,
      0.0842,
      -0.3416,
      -0.2691,
      -0.2753,
      -0.5097,
      -0.4012,
      -0.4327,
      -0.7024,
      0.6181
    ],
    [
      0.6802,
      0.0593,
      0.0575,
      0.4709,
      -0.0146,
      0.4274,
      1.0,
      -0.7627,
      -0.6957,
      -0.6144,
      -0.7391,
      -0.559,
      0.4106,
      -0.7238,
      0.7568,
      0.6676,
      -0.3831,
      -0.0238,
      0.5291,
      0.0797,
      0.1561,
      -0.0781,
      -0.5919,
      0.6213
    ],
    [
      -0.4904,
      -0.4041,
      -0.5442,
      -0.4628,
      0.0265,
      -0.8115,
      -0.7627,
      1.0,
      0.4165,
      0.3232,
      0.2984,
      0.2625,
      -0.7232,
      0.4043,
      -0.581,
      -0.4265,
      0.5216,
      0.2351,
      -0.1383,
      0.2173,
      0.0554,
      0.3229,
      0.8013,
      -0.7253
    ],
    [
      -0.2601,
      -0.163,
      0.08,
      -0.1294,
      0.1734,
      -0.3243,
      -0.6957,
      0.4165,
      1.0,
      0.2938,
      0.6182,
      0.3345,
      -0.5174,
      0.2517,
      -0.603,
      -0.4591,
      0.0606,
      0.4316,
      -0.4717,
      -0.3311,
      -0.248,
      0.0041,
      0.2461,
      -0.3519
    ],
    [
      -0.5246,
      0.5489,
      -0.147,
      -0.6834,
      -0.4091,
      0.0774,
      -0.6144,
      0.3232,
      0.2938,
      1.0,
      0.8194,
      0.9685,
      0.2516,
      0.7538,
      -0.2249,
      -0.6283,
      -0.0852,
      0.0439,
      -0.3863,
      -0.0222,
      -0.2334,
      -0.2645,
      0.1575,
      -0.0046
    ],
    [
      -0.2851,
      0.2854,
      -0.0184,
      -0.6274,
      -0.3649,
      0.0273,
      -0.7391,
      0.2984,
      0.6182,
      0.8194,
      1.0,
      0.8514,
      0.0926,
      0.6576,
      -0.3161,
      -0.8023,
      -0.1204,
      0.1922,
      -0.3828,
      -0.2859,
      -0.1028,
      -0.174,
      0.1805,
      -0.0162
    ],
    [
      -0.3733,
      0.539,
      -0.2357,
      -0.6784,
      -0.4751,
      0.0283,
      -0.559,
      0.2625,
      0.3345,
      0.9685,
      0.8514,
      1.0,
      0.3029,
      0.6374,
      -0.0849,
      -0.6241,
      -0.2137,
      0.1345,
      -0.2642,
      0.02,
      -0.1191,
      -0.3026,
      0.0842,
      0.1128
    ],
    [
      0.1319,
      0.7448,
      0.2902,
      -0.0177,
      -0.3189,
      0.7313,
      0.4106,
      -0.7232,
      -0.5174,
      0.2516,
      0.0926,
      0.3029,
      1.0,
      0.1108,
      0.5619,
      0.0701,
      -0.4381,
      -0.4274,
      0.0499,
      0.0161,
      -0.0153,
      -0.4807,
      -0.6482,
      0.6919
    ],
    [
      -0.7175,
      0.4716,
      0.1612,
      -0.5028,
      0.0682,
      0.1256,
      -0.7238,
      0.4043,
      0.2517,
      0.7538,
      0.6576,
      0.6374,
      0.1108,
      1.0,
      -0.5448,
      -0.6517,
      0.3821,
      -0.1803,
      -0.7454,
      -0.298,
      -0.5232,
      -0.317,
      0.132,
      -0.2326
    ],
    [
      0.7356,
      0.2666,
      -0.2745,
      0.2049,
      -0.2789,
      0.2681,
      0.7568,
      -0.581,
      -0.603,
      -0.2249,
      -0.3161,
      -0.0849,
      0.5619,
      -0.5448,
      1.0,
      0.4618,
      -0.7217,
      0.1707,
      0.656,
      0.1344,
      0.351,
      -0.3281,
      -0.5529,
      0.8366
    ],
    [
      0.225,
      0.0339,
      0.1823,
      0.8626,
      0.4169,
      0.0842,
      0.6676,
      -0.4265,
      -0.4591,
      -0.6283,
      -0.8023,
      -0.6241,
      0.0701,
      -0.6517,
      0.4618,
      1.0,
      -0.3595,
      -0.1676,
      0.2906,
      0.2137,
      0.0295,
      -0.1724,
      -0.3602,
      0.222
    ],
    [
      -0.5096,
      -0.3994,
      -0.0153,
      -0.2749,
      0.2353,
      -0.3416,
      -0.3831,
      0.5216,
      0.0606,
      -0.0852,
      -0.1204,
      -0.2137,
      -0.4381,
      0.3821,
      -0.7217,
      -0.3595,
      1.0,
      -0.2985,
      -0.3238,
      0.1274,
      -0.149,
      0.4504,
      0.4908,
      -0.7544
    ],
    [
      0.4575,
      -0.1574,
      -0.4928,
      -0.1505,
      0.032,
      -0.2691,
      -0.0238,
      0.2351,
      0.4316,
      0.0439,
      0.1922,
      0.1345,
      -0.4274,
      -0.1803,
      0.1707,
      -0.1676,
      -0.2985,
      1.0,
      0.0936,
      -0.3854,
      -0.1254,
      -0.154,
      -0.061,
      0.2751
    ],
    [
      0.6742,
      -0.4582,
      -0.5766,
      -0.0505,
      -0.5734,
      -0.2753,
      0.5291,
      -0.1383,
      -0.4717,
      -0.3863,
      -0.3828,
      -0.2642,
      0.0499,
      -0.7454,
      0.656,
      0.2906,
      -0.3238,
      0.0936,
      1.0,
      0.5781,
      0.8782,
      0.4655,
      0.1803,
      0.2095
    ],
    [
      -0.1585,
      -0.2545,
      -0.4939,
      -0.1522,
      -0.4286,
      -0.5097,
      0.0797,
      0.2173,
      -0.3311,
      -0.0222,
      -0.2859,
      0.02,
      0.0161,
