{
  "aliases": [
    "JENA31",
    "JENA31DW1",
    "BIALA19",
    "BIALA20",
    "BIALA21",
    "FROSTILLICUS2",
    "GRANCHIO4",
    "HOBBES5",
    "HOBBES6",
    "MCKINLAY20",
    "MCKINLAY21",
    "MCKINLAY22",
    "MCKINLAY23",
    "MCKINLAY24",
    "STIMPEE6",
    "STIMPEE7",
    "TERINGIE6",
    "MCKINLAY10",
    "MCKINLAY11",
    "MCKINLAY12",
    "MCKINLAY13",
    "MCKINLAY14",
    "MCKINLAY15"
  ],
  "features": [
    "mean_pct_ss",
    "mean_grain_ordinal",
    "mean_avg_GR",
    "mean_RES_DEEP",
    "pay_pct",
    "mean_WRCI",
    "pct_high_risk",
    "pct_zoi"
  ],
  "feature_means": [
    91.98936986683667,
    1.3842326108437863,
    89.15922361799771,
    32.24940923073952,
    61.90422165581881,
    26.55362066174828,
    0.027344818156959255,
    1.935958143933055
  ],
  "feature_stds": [
    7.37681632475926,
    1.5084785725683594,
    6.965151658414671,
    7.645068037850418,
    17.08556777036527,
    5.786734356475392,
    0.12825856603290756,
    2.618140408356986
  ],
  "cosine_similarity": [
    [
      1.0,
      -0.3245,
      -0.1597,
      0.1671,
      -0.1507,
      0.1907,
      0.6917,
      -0.514,
      -0.2765,
      -0.5323,
      -0.2383,
      -0.395,
      0.1129,
      -0.647,
      0.7483,
      0.1926,
      -0.4015,
      0.4488,
      0.6558,
      -0.1214,
      0.4347,
      0.1411,
      -0.3661
    ],
    [
      -0.3245,
      1.0,
      0.4579,
      0.0256,
      0.1881,
      0.6897,
      0.0527,
      -0.4705,
      -0.1635,
      0.5668,
      0.3396,
      0.5386,
      0.73,
      0.6584,
      0.1526,
      -0.0352,
      -0.2713,
      -0.1927,
      -0.4421,
      -0.2125,
      -0.5334,
      -0.8309,
      -0.666
    ],
    [
      -0.1597,
      0.4579,
      1.0,
      0.5522,
      0.5028,
      0.7002,
      0.0916,
      -0.3831,
      0.0357,
      -0.1502,
      -0.0434,
      -0.2286,
      0.385,
      0.2007,
      -0.1391,
      0.2539,
      -0.1273,
      -0.4852,
      -0.5627,
      -0.5542,
      -0.5008,
      -0.4489,
      -0.4428
    ],
    [
      0.1671,
      0.0256,
      0.5522,
      1.0,
      0.8336,
      0.1885,
      0.4726,
      -0.4211,
      -0.1706,
      -0.6946,
      -0.605,
      -0.6975,
      -0.0175,
      -0.4521,
      0.2155,
      0.8745,
      -0.2251,
      -0.1556,
      -0.0461,
      -0.1515,
      -0.1946,
      -0.3286,
      -0.4692
    ],
    [
      -0.1507,
      0.1881,
      0.5028,
      0.8336,
      1.0,
      0.0659,
      0.0757,
      -0.1001,
      0.2428,
      -0.3539,
      -0.312,
      -0.3901,
      -0.2422,
      -0.094,
      -0.1461,
      0.6129,
      -0.1389,
      0.1063,
      -0.4556,
      -0.387,
      -0.5838,
      -0.5516,
      -0.3852
    ],
    [
      0.1907,
      0.6897,
      0.7002,
      0.1885,
      0.0659,
      1.0,
      0.4495,
      -0.6966,
      -0.366,
      0.0863,
      0.053,
      0.0413,
      0.7718,
      0.2459,
      0.3745,
      0.0979,
      -0.3347,
      -0.2487,
      -0.2222,
      -0.4852,
      -0.3604,
      -0.5143,
      -0.6981
    ],
    [
      0.6917,
      0.0527,
      0.0916,
      0.4726,
      0.0757,
      0.4495,
      1.0,
      -0.7138,
      -0.7191,
      -0.6007,
      -0.6712,
      -0.5518,
      0.4204,
      -0.6455,
      0.8398,
      0.671,
      -0.3162,
      -0.02,
      0.5241,
      0.1051,
      0.176,
      -0.0607,
      -0.591
    ],
    [
      -0.514,
      -0.4705,
      -0.3831,
      -0.4211,
      -0.1001,
      -0.6966,
      -0.7138,
      1.0,
      0.6297,
      0.2042,
      0.1379,
      0.1153,
      -0.775,
      0.1658,
      -0.8118,
      -0.4002,
      0.4224,
      0.1439,
      -0.3272,
      0.063,
      -0.1344,
      0.5206,
      0.8713
    ],
    [
      -0.2765,
      -0.1635,
      0.0357,
      -0.1706,
      0.2428,
      -0.366,
      -0.7191,
      0.6297,
      1.0,
      0.2053,
      0.4723,
      0.2234,
      -0.5525,
      0.2836,
      -0.7132,
      -0.5075,
      0.1338,
      0.3847,
      -0.5975,
      -0.4582,
      -0.3915,
      -0.0343,
      0.3175
    ],
    [
      -0.5323,
      0.5668,
      -0.1502,
      -0.6946,
      -0.3539,
      0.0863,
      -0.6007,
      0.2042,
      0.2053,
      1.0,
      0.8272,
      0.9705,
      0.2664,
      0.9246,
      -0.2615,
      -0.6936,
      -0.0811,
      0.0469,
      -0.3243,
      0.0061,
      -0.1887,
      -0.3113,
      0.092
    ],
    [
      -0.2383,
      0.3396,
      -0.0434,
      -0.605,
      -0.312,
      0.053,
      -0.6712,
      0.1379,
      0.4723,
      0.8272,
      1.0,
      0.8742,
      0.1614,
      0.7999,
      -0.2511,
      -0.8146,
      -0.2208,
      0.2173,
      -0.259,
      -0.2244,
      -0.0257,
      -0.269,
      0.0639
    ],
    [
      -0.395,
      0.5386,
      -0.2286,
      -0.6975,
      -0.3901,
      0.0413,
      -0.5518,
      0.1153,
      0.2234,
      0.9705,
      0.8742,
      1.0,
      0.3105,
      0.8505,
      -0.1368,
      -0.7156,
      -0.1564,
      0.1309,
      -0.2021,
      0.0627,
      -0.0677,
      -0.3359,
      0.0096
    ],
    [
      0.1129,
      0.73,
      0.385,
      -0.0175,
      -0.2422,
      0.7718,
      0.4204,
      -0.775,
      -0.5525,
      0.2664,
      0.1614,
      0.3105,
      1.0,
      0.2707,
      0.5557,
      0.0223,
      -0.3327,
      -0.4382,
      0.0989,
      0.0835,
      0.0448,
      -0.4479,
      -0.6646
    ],
    [
      -0.647,
      0.6584,
      0.2007,
      -0.4521,
      -0.094,
      0.2459,
      -0.6455,
      0.1658,
      0.2836,
      0.9246,
      0.7999,
      0.8505,
      0.2707,
      1.0,
      -0.4029,
      -0.5707,
      -0.1185,
      -0.0987,
      -0.5596,
      -0.2061,
      -0.386,
      -0.4397,
      0.0226
    ],
    [
      0.7483,
      0.1526,
      -0.1391,
      0.2155,
      -0.1461,
      0.3745,
      0.8398,
      -0.8118,
      -0.7132,
      -0.2615,
      -0.2511,
      -0.1368,
      0.5557,
      -0.4029,
      1.0,
      0.4073,
      -0.545,
      0.1485,
      0.7323,
      0.2458,
      0.4434,
      -0.1732,
      -0.6328
    ],
    [
      0.1926,
      -0.0352,
      0.2539,
      0.8745,
      0.6129,
      0.0979,
      0.671,
      -0.4002,
      -0.5075,
      -0.6936,
      -0.8146,
      -0.7156,
      0.0223,
      -0.5707,
      0.4073,
      1.0,
      -0.219,
      -0.208,
      0.2418,
      0.204,
      -0.0026,
      -0.1226,
      -0.3565
    ],
    [
      -0.4015,
      -0.2713,
      -0.1273,
      -0.2251,
      -0.1389,
      -0.3347,
      -0.3162,
      0.4224,
      0.1338,
      -0.0811,
      -0.2208,
      -0.1564,
      -0.3327,
      -0.1185,
      -0.545,
      -0.219,
      1.0,
      -0.2385,
      -0.3024,
      0.0179,
      -0.1788,
      0.2728,
      0.4036
    ],
    [
      0.4488,
      -0.1927,
      -0.4852,
      -0.1556,
      0.1063,
      -0.2487,
      -0.02,
      0.1439,
      0.3847,
      0.0469,
      0.2173,
      0.1309,
      -0.4382,
      -0.0987,
      0.1485,
      -0.208,
      -0.2385,
      1.0,
      0.1123,
      -0.3499,
      -0.0937,
      -0.1355,
      -0.0831
    ],
    [
      0.6558,
      -0.4421,
      -0.5627,
      -0.0461,
      -0.4556,
      -0.2222,
      0.5241,
      -0.3272,
      -0.5975,
      -0.3243,
      -0.259,
      -0.2021,
      0.0989,
      -0.5596,
      0.7323,
      0.2418,
      -0.3024,
      0.1123,
      1.0,
      0.6162,
      0.8921,
      0.4412,
      0.0286
    ],
    [
      -0.1214,
      -0.2125,
      -0.5542,
      -0.1515,
      -0.387,
      -0.4852,
      0.1051,
      0.063,
      -0.4582,
      0.0061,
      -0.2244,
      0.0627,
      0.0835,
      -0.2061,
      0.2458,
      0.204,
      0.0179,
      -0.3499,
      0.6162,
      1.0,
      0.6691,
      0.4112,
      0.3052
    ],
    [
      0.4347,
      -0.5334,
      -0.5008,
      -0.1946,
      -0.5838,
      -0.3604,
      0.176,
      -0.1344,
      -0.3915,
      -0.1887,
