{
  "alias": "GRANCHIO4",
  "display": "GRANCHIO 4",
  "flagged_zones": [
    {
      "depth": 2740,
      "top": 2735.0,
      "bot": 2745.0,
      "WRCI": 52.11,
      "RQI": 0.7026959094806539,
      "risk_class": "Elevated",
      "flags": [
        "owc_high"
      ],
      "isolated": false,
      "evidence": {
        "pct_ss": 100,
        "grain_ordinal": 0,
        "poro_class": "gd",
        "hardness_score": 1.0,
        "fluor": 80,
        "avg_GR": 71.4387676532923,
        "avg_RES_DEEP": 27.903633880523074,
        "mTVDss": -1211.7733561128525,
        "hafwl_m": 2.2266438871474747,
        "owc_distance_m": 2.2266438871474747,
        "owc_near": "High",
        "isolated": false
      }
    },
    {
      "depth": 2730,
      "top": 2725.0,
      "bot": 2735.0,
      "WRCI": 48.33,
      "RQI": 0.7081564423789563,
      "risk_class": "Elevated",
      "flags": [
        "owc_high"
      ],
      "isolated": false,
      "evidence": {
        "pct_ss": 100,
        "grain_ordinal": 0,
        "poro_class": "gd",
        "hardness_score": 1.0,
        "fluor": 100,
        "avg_GR": 70.28659670278788,
        "avg_RES_DEEP": 28.74556830430303,
        "mTVDss": -1211.7157646812957,
        "hafwl_m": 2.2842353187043045,
        "owc_distance_m": 2.2842353187043045,
        "owc_near": "High",
        "isolated": false
      }
    },
    {
      "depth": 2820,
      "top": 2815.0,
      "bot": 2822.5,
      "WRCI": 46.41,
      "RQI": 0.5602409638554217,
      "risk_class": "Elevated",
      "flags": [
        "owc_high"
      ],
      "isolated": false,
      "evidence": {
        "pct_ss": 100,
        "grain_ordinal": 0,
        "poro_class": "fr",
        "hardness_score": 1.0,
        "fluor": 80,
        "avg_GR": null,
        "avg_RES_DEEP": 27.730980300800002,
        "mTVDss": -1210.813252473498,
        "hafwl_m": 3.186747526501904,
        "owc_distance_m": 3.186747526501904,
        "owc_near": "High",
        "isolated": false
      }
    },
    {
      "depth": 2825,
      "top": 2822.5,
      "bot": 2827.5,
      "WRCI": 44.41,
      "RQI": 0.5602409638554217,
      "risk_class": "Elevated",
      "flags": [
        "owc_high"
      ],
      "isolated": false,
      "evidence": {
        "pct_ss": 100,
        "grain_ordinal": 0,
        "poro_class": "fr",
        "hardness_score": 1.0,
        "fluor": 90,
        "avg_GR": null,
        "avg_RES_DEEP": null,
        "mTVDss": -1210.6924,
        "hafwl_m": 3.307600000000093,
        "owc_distance_m": 3.307600000000093,
        "owc_near": "High",
        "isolated": false
      }
    },
    {
      "depth": 2750,
      "top": 2745.0,
      "bot": 2755.0,
      "WRCI": 42.77,
      "RQI": 0.5191581253997568,
      "risk_class": "Elevated",
      "flags": [
        "owc_high"
      ],
      "isolated": false,
      "evidence": {
        "pct_ss": 100,
        "grain_ordinal": 0,
        "poro_class": "fr",
        "hardness_score": 1.0,
        "fluor": 90,
        "avg_GR": 88.01021864906058,
        "avg_RES_DEEP": 27.267250003227275,
        "mTVDss": -1211.793286938349,
        "hafwl_m": 2.206713061651044,
        "owc_distance_m": 2.206713061651044,
        "owc_near": "High",
        "isolated": false
      }
    },
    {
      "depth": 1695,
      "top": 1692.5,
      "bot": 1697.5,
      "WRCI": 37.36,
      "RQI": 0.6340858807537154,
      "risk_class": "Elevated",
      "flags": [
        "lowfluor"
      ],
      "isolated": false,
      "evidence": {
        "pct_ss": 100,
        "grain_ordinal": 0,
        "poro_class": "gd",
        "hardness_score": 1.0,
        "fluor": 40,
        "avg_GR": 96.46545132736364,
        "avg_RES_DEEP": 60.1531486510303,
        "mTVDss": -1203.8165310813647,
        "hafwl_m": 10.183468918635299,
        "owc_distance_m": 10.183468918635299,
        "owc_near": "Low",
        "isolated": false
      }
    },
    {
      "depth": 2460,
      "top": 2455.0,
      "bot": 2465.0,
      "WRCI": 36.01,
      "RQI": 0.9003019006488199,
      "risk_class": "Elevated",
      "flags": [
        "low_GR"
      ],
      "isolated": false,
      "evidence": {
        "pct_ss": 100,
        "grain_ordinal": 2,
        "poro_class": "gd",
        "hardness_score": 1.0,
        "fluor": 100,
        "avg_GR": 67.73027841969697,
        "avg_RES_DEEP": 47.54298516477272,
        "mTVDss": -1209.9028139779875,
        "hafwl_m": 4.097186022012465,
        "owc_distance_m": 4.097186022012465,
        "owc_near": "Low",
        "isolated": false
      }
    },
    {
      "depth": 1765,
      "top": 1762.5,
      "bot": 1767.5,
      "WRCI": 35.88,
      "RQI": 0.5470940193549126,
      "risk_class": "Elevated",
      "flags": [
        "lowfluor",
        "low_GR"
      ],
      "isolated": false,
      "evidence": {
        "pct_ss": 100,
        "grain_ordinal": 0,
        "poro_class": "none",
        "hardness_score": null,
        "fluor": 30,
        "avg_GR": 67.75803294330302,
        "avg_RES_DEEP": 66.27775435012123,
        "mTVDss": -1202.7594811088084,
        "hafwl_m": 11.240518891191641,
        "owc_distance_m": 11.240518891191641,
        "owc_near": "Low",
        "isolated": false
      }
    },
    {
      "depth": 2320,
      "top": 2315.0,
      "bot": 2325.0,
      "WRCI": 35.2,
      "RQI": 0.88,
      "risk_class": "Elevated",
      "flags": [
        "low_GR"
      ],
      "isolated": false,
      "evidence": {
        "pct_ss": 100,
        "grain_ordinal": 2,
        "poro_class": "gd",
        "hardness_score": 1.0,
        "fluor": 100,
        "avg_GR": 43.13137383090769,
        "avg_RES_DEEP": 80.10884317247694,
        "mTVDss": -1209.8093405202312,
        "hafwl_m": 4.190659479768783,
        "owc_distance_m": 4.190659479768783,
        "owc_near": "Low",
        "isolated": false
      }
    },
    {
      "depth": 2310,
      "top": 2305.0,
      "bot": 2315.0,
      "WRCI": 35.17,
      "RQI": 0.8792029851942404,
      "risk_class": "Elevated",
      "flags": [
        "low_GR"
      ],
      "isolated": false,
      "evidence": {
        "pct_ss": 100,
        "grain_ordinal": 2,
        "poro_class": "gd",
        "hardness_score": 1.0,
        "fluor": 100,
        "avg_GR": 63.73578464624242,
        "avg_RES_DEEP": 66.64365433210605,
        "mTVDss": -1209.7098607514451,
        "hafwl_m": 4.290139248554851,
        "owc_distance_m": 4.290139248554851,
        "owc_near": "Low",
        "isolated": false
      }
    },
    {
      "depth": 2130,
      "top": 2125.0,
      "bot": 2135.0,
      "WRCI": 35.04,
      "RQI": 0.5760472663755589,
      "risk_class": "Elevated",
      "flags": [
        "ZOI",
        "owc_elevated"
      ],
      "isolated": false,
      "evidence": {
        "pct_ss": 100,
        "grain_ordinal": 2,
        "poro_class": "fr",
        "hardness_score": 0.55,
        "fluor": 90,
        "avg_GR": 97.1065981314394,
        "avg_RES_DEEP": 21.337601574969696,
        "mTVDss": -1208.8945067321613,
        "hafwl_m": 5.10549326783871,
        "owc_distance_m": 5.10549326783871,
        "owc_near": "Elevated",
        "isolated": false
      }
    },
    {
      "depth": 2120,
      "top": 2115.0,
      "bot": 2125.0,
      "WRCI": 33.6,
      "RQI": 0.589880723184217,
      "risk_class": "Elevated",
      "flags": [
        "owc_elevated"
      ],
      "isolated": false,
      "evidence": {
        "pct_ss": 100,
        "grain_ordinal": 2,
        "poro_class": "fr",
        "hardness_score": 0.55,
        "fluor": 100,
        "avg_GR": 94.18774252213638,
        "avg_RES_DEEP": 29.801234910060607,
        "mTVDss": -1208.617909007239,
        "hafwl_m": 5.38209099276105,
        "owc_distance_m": 5.38209099276105,
        "owc_near": "Elevated",
        "isolated": false
      }
    },
    {
      "depth": 2350,
      "top": 2345.0,
      "bot": 2355.0,
      "WRCI": 30.67,
      "RQI": 0.7666666666666667,
      "risk_class": "Elevated",