{
  "alias": "HOBBES6",
  "display": "HOBBES 6",
  "flagged_zones": [
    {
      "depth": 2120,
      "top": 2115.0,
      "bot": 2125.0,
      "WRCI": 53.32,
      "RQI": 0.8330371565778935,
      "risk_class": "Elevated",
      "flags": [
        "owc_high"
      ],
      "isolated": false,
      "evidence": {
        "pct_ss": 100,
        "grain_ordinal": 5,
        "poro_class": "fr-gd",
        "hardness_score": 1.0,
        "fluor": 100.0,
        "avg_GR": 85.71441222680302,
        "avg_RES_DEEP": 23.80128328722727,
        "mTVDss": -1206.5941533333335,
        "hafwl_m": 3.405846666666548,
        "owc_distance_m": 3.405846666666548,
        "owc_near": "High",
        "isolated": false
      }
    },
    {
      "depth": 2130,
      "top": 2125.0,
      "bot": 2135.0,
      "WRCI": 52.36,
      "RQI": 0.8089078562623202,
      "risk_class": "Elevated",
      "flags": [
        "owc_high"
      ],
      "isolated": false,
      "evidence": {
        "pct_ss": 95,
        "grain_ordinal": 5,
        "poro_class": "fr-gd",
        "hardness_score": 1.0,
        "fluor": 100.0,
        "avg_GR": 88.73232766369696,
        "avg_RES_DEEP": 26.750145478666663,
        "mTVDss": -1206.75664,
        "hafwl_m": 3.2433599999999387,
        "owc_distance_m": 3.2433599999999387,
        "owc_near": "High",
        "isolated": false
      }
    },
    {
      "depth": 2310,
      "top": 2305.0,
      "bot": 2315.0,
      "WRCI": 50.12,
      "RQI": 0.7529097909790979,
      "risk_class": "Elevated",
      "flags": [
        "owc_high"
      ],
      "isolated": false,
      "evidence": {
        "pct_ss": 95,
        "grain_ordinal": 5,
        "poro_class": "fr",
        "hardness_score": 1.0,
        "fluor": 100.0,
        "avg_GR": 71.04796762172727,
        "avg_RES_DEEP": 23.089996973727274,
        "mTVDss": -1206.48517,
        "hafwl_m": 3.5148300000000745,
        "owc_distance_m": 3.5148300000000745,
        "owc_near": "High",
        "isolated": false
      }
    },
    {
      "depth": 2110,
      "top": 2105.0,
      "bot": 2115.0,
      "WRCI": 48.45,
      "RQI": 0.7111561138334543,
      "risk_class": "Elevated",
      "flags": [
        "owc_high"
      ],
      "isolated": false,
      "evidence": {
        "pct_ss": 100,
        "grain_ordinal": 5,
        "poro_class": "none",
        "hardness_score": null,
        "fluor": 100.0,
        "avg_GR": 89.02990757866154,
        "avg_RES_DEEP": 24.278435310984612,
        "mTVDss": -1206.3451322222222,
        "hafwl_m": 3.654867777777781,
        "owc_distance_m": 3.654867777777781,
        "owc_near": "High",
        "isolated": false
      }
    },
    {
      "depth": 2240,
      "top": 2235.0,
      "bot": 2245.0,
      "WRCI": 47.88,
      "RQI": 0.6970932886477172,
      "risk_class": "Elevated",
      "flags": [
        "owc_high"
      ],
      "isolated": false,
      "evidence": {
        "pct_ss": 100,
        "grain_ordinal": 5,
        "poro_class": "fr-gd",
        "hardness_score": 0.55,
        "fluor": 100.0,
        "avg_GR": 71.6953261156,
        "avg_RES_DEEP": 22.55866763776923,
        "mTVDss": -1206.4565433333335,
        "hafwl_m": 3.5434566666665432,
        "owc_distance_m": 3.5434566666665432,
        "owc_near": "High",
        "isolated": false
      }
    },
    {
      "depth": 2320,
      "top": 2315.0,
      "bot": 2325.0,
      "WRCI": 47.85,
      "RQI": 0.6962576389739356,
      "risk_class": "Elevated",
      "flags": [
        "owc_high"
      ],
      "isolated": false,
      "evidence": {
        "pct_ss": 95,
        "grain_ordinal": 5,
        "poro_class": "fr",
        "hardness_score": 1.0,
        "fluor": 100.0,
        "avg_GR": 75.45203223595384,
        "avg_RES_DEEP": 24.489449310261538,
        "mTVDss": -1206.4034000000001,
        "hafwl_m": 3.596599999999853,
        "owc_distance_m": 3.596599999999853,
        "owc_near": "High",
        "isolated": false
      }
    },
    {
      "depth": 1740,
      "top": 1737.0,
      "bot": 1745.0,
      "WRCI": 42.87,
      "RQI": 0.7217883392765512,
      "risk_class": "Elevated",
      "flags": [
        "owc_elevated"
      ],
      "isolated": false,
      "evidence": {
        "pct_ss": 90,
        "grain_ordinal": 0,
        "poro_class": "gd",
        "hardness_score": 1.0,
        "fluor": 80.0,
        "avg_GR": 73.91027918407546,
        "avg_RES_DEEP": 25.315064088264148,
        "mTVDss": -1205.13944,
        "hafwl_m": 4.860560000000078,
        "owc_distance_m": 4.860560000000078,
        "owc_near": "Elevated",
        "isolated": false
      }
    },
    {
      "depth": 1698,
      "top": 1696.5,
      "bot": 1699.5,
      "WRCI": 42.73,
      "RQI": 0.7181687674500451,
      "risk_class": "Elevated",
      "flags": [
        "owc_elevated"
      ],
      "isolated": false,
      "evidence": {
        "pct_ss": 90,
        "grain_ordinal": 5,
        "poro_class": "none",
        "hardness_score": null,
        "fluor": 80.0,
        "avg_GR": 79.1962100983,
        "avg_RES_DEEP": 25.99741525645,
        "mTVDss": -1205.09548,
        "hafwl_m": 4.904520000000048,
        "owc_distance_m": 4.904520000000048,
        "owc_near": "Elevated",
        "isolated": false
      }
    },
    {
      "depth": 2420,
      "top": 2415.0,
      "bot": 2425.0,
      "WRCI": 42.01,
      "RQI": 0.3228278656114587,
      "risk_class": "Elevated",
      "flags": [],
      "isolated": true,
      "evidence": {
        "pct_ss": 30,
        "grain_ordinal": 1,
        "poro_class": "fr",
        "hardness_score": 1.0,
        "fluor": 0.0,
        "avg_GR": 121.02083321772729,
        "avg_RES_DEEP": 10.903543992484849,
        "mTVDss": -1207.9436133333334,
        "hafwl_m": 2.05638666666664,
        "owc_distance_m": 2.05638666666664,
        "owc_near": "Low",
        "isolated": true
      }
    },
    {
      "depth": 2100,
      "top": 2095.0,
      "bot": 2105.0,
      "WRCI": 41.31,
      "RQI": 0.7826595483658738,
      "risk_class": "Elevated",
      "flags": [
        "owc_elevated"
      ],
      "isolated": false,
      "evidence": {
        "pct_ss": 100,
        "grain_ordinal": 5,
        "poro_class": "none",
        "hardness_score": null,
        "fluor": 100.0,
        "avg_GR": 74.46205867425758,
        "avg_RES_DEEP": 26.208112023045448,
        "mTVDss": -1205.97215,
        "hafwl_m": 4.027849999999944,
        "owc_distance_m": 4.027849999999944,
        "owc_near": "Elevated",
        "isolated": false
      }
    },
    {
      "depth": 2430,
      "top": 2425.0,
      "bot": 2435.0,
      "WRCI": 40.92,
      "RQI": 0.31068156540702535,
      "risk_class": "Elevated",
      "flags": [],
      "isolated": true,
      "evidence": {
        "pct_ss": 40,
        "grain_ordinal": 0,
        "poro_class": "fr",
        "hardness_score": 1.0,
        "fluor": 0.0,
        "avg_GR": 124.37896235539999,
        "avg_RES_DEEP": 11.505104622507693,
        "mTVDss": -1208.12259,
        "hafwl_m": 1.8774100000000544,
        "owc_distance_m": 1.8774100000000544,
        "owc_near": "Low",
        "isolated": true
      }
    },
    {
      "depth": 2470,
      "top": 2465.0,
      "bot": 2475.0,
      "WRCI": 40.89,
      "RQI": 0.3555332038474692,
      "risk_class": "Elevated",
      "flags": [],
      "isolated": true,
      "evidence": {
        "pct_ss": 20,
        "grain_ordinal": 1,
        "poro_class": "fr",
        "hardness_score": 1.0,
        "fluor": 0.0,
        "avg_GR": 105.77662473742426,
        "avg_RES_DEEP": 13.330159086181817,
        "mTVDss": -1208.84712,
        "hafwl_m": 1.1528800000000956,
        "owc_distance_m": 1.1528800000000956,
        "owc_near": "Low",
        "isolated": true
      }
    },
    {
      "depth": 2440,
      "top": 2435.0,
      "bot": 2445.0,
      "WRCI": 40.58,
      "RQI": 0.3344463652006024,
      "risk_class": "Elevated",
      "flags": [],
      "isolated": true,