{
  "alias": "HOBBES5",
  "display": "HOBBES 5",
  "flagged_zones": [
    {
      "depth": 2520,
      "top": 2515.0,
      "bot": 2525.0,
      "WRCI": 51.14,
      "RQI": 0.7166864215517582,
      "risk_class": "Elevated",
      "flags": [
        "lowres",
        "owc_high"
      ],
      "isolated": false,
      "evidence": {
        "pct_ss": 100,
        "grain_ordinal": 0,
        "poro_class": "fr-gd",
        "hardness_score": 1.0,
        "fluor": 100.0,
        "avg_GR": 86.24826639348485,
        "avg_RES_DEEP": 17.52649246559091,
        "mTVDss": -1209.89442,
        "hafwl_m": 0.10557999999991807,
        "owc_distance_m": 0.10557999999991807,
        "owc_near": "High",
        "isolated": false
      }
    },
    {
      "depth": 2470,
      "top": 2465.0,
      "bot": 2475.0,
      "WRCI": 50.63,
      "RQI": 0.6453757818342567,
      "risk_class": "Elevated",
      "flags": [
        "lowres",
        "owc_high"
      ],
      "isolated": false,
      "evidence": {
        "pct_ss": 95,
        "grain_ordinal": 0,
        "poro_class": "fr-gd",
        "hardness_score": 1.0,
        "fluor": 80.0,
        "avg_GR": 94.77872443913637,
        "avg_RES_DEEP": 19.18749242837879,
        "mTVDss": -1209.94078,
        "hafwl_m": 0.05922000000009575,
        "owc_distance_m": 0.05922000000009575,
        "owc_near": "High",
        "isolated": false
      }
    },
    {
      "depth": 2217,
      "top": 2215.5,
      "bot": 2218.5,
      "WRCI": 50.24,
      "RQI": 0.6559514546322294,
      "risk_class": "Elevated",
      "flags": [
        "owc_high"
      ],
      "isolated": false,
      "evidence": {
        "pct_ss": 100,
        "grain_ordinal": 2,
        "poro_class": "none",
        "hardness_score": null,
        "fluor": 80.0,
        "avg_GR": 95.34364089969999,
        "avg_RES_DEEP": 20.30067024235,
        "mTVDss": -1209.50696,
        "hafwl_m": 0.49304000000006454,
        "owc_distance_m": 0.49304000000006454,
        "owc_near": "High",
        "isolated": false
      }
    },
    {
      "depth": 1880,
      "top": 1875.0,
      "bot": 1885.0,
      "WRCI": 49.57,
      "RQI": 0.6391324272764801,
      "risk_class": "Elevated",
      "flags": [
        "owc_high"
      ],
      "isolated": false,
      "evidence": {
        "pct_ss": 90,
        "grain_ordinal": 0,
        "poro_class": "fr",
        "hardness_score": 1.0,
        "fluor": 80.0,
        "avg_GR": 82.17947962833847,
        "avg_RES_DEEP": 21.897330768353847,
        "mTVDss": -1207.0814933333334,
        "hafwl_m": 2.9185066666666444,
        "owc_distance_m": 2.9185066666666444,
        "owc_near": "High",
        "isolated": false
      }
    },
    {
      "depth": 2440,
      "top": 2435.0,
      "bot": 2445.0,
      "WRCI": 49.38,
      "RQI": 0.7204001943112522,
      "risk_class": "Elevated",
      "flags": [
        "lowres",
        "owc_high"
      ],
      "isolated": false,
      "evidence": {
        "pct_ss": 100,
        "grain_ordinal": 5,
        "poro_class": "none",
        "hardness_score": null,
        "fluor": 100.0,
        "avg_GR": 85.30999998613635,
        "avg_RES_DEEP": 19.437800089530302,
        "mTVDss": -1209.74871,
        "hafwl_m": 0.2512899999999263,
        "owc_distance_m": 0.2512899999999263,
        "owc_near": "High",
        "isolated": false
      }
    },
    {
      "depth": 2510,
      "top": 2505.0,
      "bot": 2515.0,
      "WRCI": 48.56,
      "RQI": 0.688974233559545,
      "risk_class": "Elevated",
      "flags": [
        "lowres",
        "owc_high"
      ],
      "isolated": false,
      "evidence": {
        "pct_ss": 100,
        "grain_ordinal": 0,
        "poro_class": "fr-gd",
        "hardness_score": 1.0,
        "fluor": 100.0,
        "avg_GR": 91.35287428624615,
        "avg_RES_DEEP": 18.994260201107693,
        "mTVDss": -1209.9070466666667,
        "hafwl_m": 0.09295333333329836,
        "owc_distance_m": 0.09295333333329836,
        "owc_near": "High",
        "isolated": false
      }
    },
    {
      "depth": 1870,
      "top": 1865.0,
      "bot": 1875.0,
      "WRCI": 48.31,
      "RQI": 0.6328571428571429,
      "risk_class": "Elevated",
      "flags": [
        "ZOI",
        "owc_high"
      ],
      "isolated": false,
      "evidence": {
        "pct_ss": 85,
        "grain_ordinal": 0,
        "poro_class": "fr",
        "hardness_score": 1.0,
        "fluor": 85.0,
        "avg_GR": 77.60796679875759,
        "avg_RES_DEEP": 21.73675759636364,
        "mTVDss": -1206.7295,
        "hafwl_m": 3.2705000000000837,
        "owc_distance_m": 3.2705000000000837,
        "owc_near": "High",
        "isolated": false
      }
    },
    {
      "depth": 2480,
      "top": 2475.0,
      "bot": 2485.0,
      "WRCI": 47.87,
      "RQI": 0.6648312300775532,
      "risk_class": "Elevated",
      "flags": [
        "lowres",
        "owc_high"
      ],
      "isolated": false,
      "evidence": {
        "pct_ss": 100,
        "grain_ordinal": 0,
        "poro_class": "fr-gd",
        "hardness_score": 1.0,
        "fluor": 100.0,
        "avg_GR": 95.80003544738463,
        "avg_RES_DEEP": 18.724816835784615,
        "mTVDss": -1209.93999,
        "hafwl_m": 0.06000999999992018,
        "owc_distance_m": 0.06000999999992018,
        "owc_near": "High",
        "isolated": false
      }
    },
    {
      "depth": 2430,
      "top": 2425.0,
      "bot": 2435.0,
      "WRCI": 47.36,
      "RQI": 0.671468446414933,
      "risk_class": "Elevated",
      "flags": [
        "lowres",
        "owc_high"
      ],
      "isolated": false,
      "evidence": {
        "pct_ss": 95,
        "grain_ordinal": 5,
        "poro_class": "none",
        "hardness_score": null,
        "fluor": 100.0,
        "avg_GR": 88.90934495187692,
        "avg_RES_DEEP": 19.49560001076923,
        "mTVDss": -1209.68271,
        "hafwl_m": 0.3172899999999572,
        "owc_distance_m": 0.3172899999999572,
        "owc_near": "High",
        "isolated": false
      }
    },
    {
      "depth": 2500,
      "top": 2495.0,
      "bot": 2505.0,
      "WRCI": 46.52,
      "RQI": 0.6530591024746464,
      "risk_class": "Elevated",
      "flags": [
        "lowres",
        "owc_high"
      ],
      "isolated": false,
      "evidence": {
        "pct_ss": 100,
        "grain_ordinal": 0,
        "poro_class": "fr-gd",
        "hardness_score": 1.0,
        "fluor": 100.0,
        "avg_GR": 97.96847106471213,
        "avg_RES_DEEP": 19.60444693128788,
        "mTVDss": -1209.9214666666667,
        "hafwl_m": 0.07853333333332557,
        "owc_distance_m": 0.07853333333332557,
        "owc_near": "High",
        "isolated": false
      }
    },
    {
      "depth": 2490,
      "top": 2485.0,
      "bot": 2495.0,
      "WRCI": 45.88,
      "RQI": 0.6336565355858118,
      "risk_class": "Elevated",
      "flags": [
        "lowres",
        "owc_high"
      ],
      "isolated": false,
      "evidence": {
        "pct_ss": 100,
        "grain_ordinal": 0,
        "poro_class": "fr-gd",
        "hardness_score": 1.0,
        "fluor": 100.0,
        "avg_GR": 101.54243989418181,
        "avg_RES_DEEP": 19.462254466484847,
        "mTVDss": -1209.92432,
        "hafwl_m": 0.07567999999992026,
        "owc_distance_m": 0.07567999999992026,
        "owc_near": "High",
        "isolated": false
      }
    },
    {
      "depth": 2450,
      "top": 2445.0,
      "bot": 2455.0,
      "WRCI": 45.73,
      "RQI": 0.6196207429803139,
      "risk_class": "Elevated",
      "flags": [
        "lowres",
        "owc_high"
      ],
      "isolated": false,
      "evidence": {
        "pct_ss": 100,
        "grain_ordinal": 0,
        "poro_class": "fr-gd",
        "hardness_score": 1.0,
        "fluor": 100.0,
        "avg_GR": 104.12784447267693,
        "avg_RES_DEEP": 19.054464663015388,
        "mTVDss": -1209.80979,
        "hafwl_m": 0.19020999999997912,
        "owc_distance_m": 0.19020999999997912,
        "owc_near": "High",