{
  "alias": "HOBBES6",
  "display": "HOBBES 6",
  "flagged_zones": [
    {
      "depth": 2120,
      "top": 2115.0,
      "bot": 2125.0,
      "WRCI": 53.32,
      "RQI": 0.8330371565778935,
      "risk_class": "Elevated",
      "flags": [
        "owc_high"
      ],
      "isolated": false,
      "evidence": {
        "pct_ss": 100,
        "grain_ordinal": 5,
        "poro_class": "fr-gd",
        "hardness_score": 1.0,
        "fluor": 100.0,
        "avg_GR": 85.71441222680302,
        "avg_RES_DEEP": 23.80128328722727,
        "mTVDss": -1206.5941533333335,
        "hafwl_m": 3.405846666666548,
        "owc_distance_m": 3.405846666666548,
        "owc_near": "High",
        "isolated": false
      }
    },
    {
      "depth": 2130,
      "top": 2125.0,
      "bot": 2135.0,
      "WRCI": 52.36,
      "RQI": 0.8089078562623202,
      "risk_class": "Elevated",
      "flags": [
        "owc_high"
      ],
      "isolated": false,
      "evidence": {
        "pct_ss": 95,
        "grain_ordinal": 5,
        "poro_class": "fr-gd",
        "hardness_score": 1.0,
        "fluor": 100.0,
        "avg_GR": 88.73232766369696,
        "avg_RES_DEEP": 26.750145478666663,
        "mTVDss": -1206.75664,
        "hafwl_m": 3.2433599999999387,
        "owc_distance_m": 3.2433599999999387,
        "owc_near": "High",
        "isolated": false
      }
    },
    {
      "depth": 2310,
      "top": 2305.0,
      "bot": 2315.0,
      "WRCI": 50.12,
      "RQI": 0.7529097909790979,
      "risk_class": "Elevated",
      "flags": [
        "owc_high"
      ],
      "isolated": false,
      "evidence": {
        "pct_ss": 95,
        "grain_ordinal": 5,
        "poro_class": "fr",
        "hardness_score": 1.0,
        "fluor": 100.0,
        "avg_GR": 71.04796762172727,
        "avg_RES_DEEP": 23.089996973727274,
        "mTVDss": -1206.48517,
        "hafwl_m": 3.5148300000000745,
        "owc_distance_m": 3.5148300000000745,
        "owc_near": "High",
        "isolated": false
      }
    },
    {
      "depth": 2110,
      "top": 2105.0,
      "bot": 2115.0,
      "WRCI": 48.45,
      "RQI": 0.7111561138334543,
      "risk_class": "Elevated",
      "flags": [
        "owc_high"
      ],
      "isolated": false,
      "evidence": {
        "pct_ss": 100,
        "grain_ordinal": 5,
        "poro_class": "none",
        "hardness_score": null,
        "fluor": 100.0,
        "avg_GR": 89.02990757866154,
        "avg_RES_DEEP": 24.278435310984612,
        "mTVDss": -1206.3451322222222,
        "hafwl_m": 3.654867777777781,
        "owc_distance_m": 3.654867777777781,
        "owc_near": "High",
        "isolated": false
      }
    },
    {
      "depth": 2240,
      "top": 2235.0,
      "bot": 2245.0,
      "WRCI": 47.88,
      "RQI": 0.6970932886477172,
      "risk_class": "Elevated",
      "flags": [
        "owc_high"
      ],
      "isolated": false,
      "evidence": {
        "pct_ss": 100,
        "grain_ordinal": 5,
        "poro_class": "fr-gd",
        "hardness_score": 0.55,
        "fluor": 100.0,
        "avg_GR": 71.6953261156,
        "avg_RES_DEEP": 22.55866763776923,
        "mTVDss": -1206.4565433333335,
        "hafwl_m": 3.5434566666665432,
        "owc_distance_m": 3.5434566666665432,
        "owc_near": "High",
        "isolated": false
      }
    },
    {
      "depth": 2320,
      "top": 2315.0,
      "bot": 2325.0,
      "WRCI": 47.85,
      "RQI": 0.6962576389739356,
      "risk_class": "Elevated",
      "flags": [
        "owc_high"
      ],
      "isolated": false,
      "evidence": {
        "pct_ss": 95,
        "grain_ordinal": 5,
        "poro_class": "fr",
        "hardness_score": 1.0,
        "fluor": 100.0,
        "avg_GR": 75.45203223595384,
        "avg_RES_DEEP": 24.489449310261538,
        "mTVDss": -1206.4034000000001,
        "hafwl_m": 3.596599999999853,
        "owc_distance_m": 3.596599999999853,
        "owc_near": "High",
        "isolated": false
      }
    },
    {
      "depth": 2160,
      "top": 2155.0,
      "bot": 2165.0,
      "WRCI": 47.46,
      "RQI": 0.6866013667034184,
      "risk_class": "Elevated",
      "flags": [
        "owc_high"
      ],
      "isolated": false,
      "evidence": {
        "pct_ss": 95,
        "grain_ordinal": 4,
        "poro_class": "fr-gd",
        "hardness_score": 1.0,
        "fluor": 100.0,
        "avg_GR": 111.1826907069697,
        "avg_RES_DEEP": 26.743169582242427,
        "mTVDss": -1207.17787,
        "hafwl_m": 2.8221300000000156,
        "owc_distance_m": 2.8221300000000156,
        "owc_near": "High",
        "isolated": false
      }
    },
    {
      "depth": 2190,
      "top": 2185.0,
      "bot": 2195.0,
      "WRCI": 47.03,
      "RQI": 0.6258106208689791,
      "risk_class": "Elevated",
      "flags": [
        "owc_high"
      ],
      "isolated": false,
      "evidence": {
        "pct_ss": 100,
        "grain_ordinal": 3,
        "poro_class": "fr-gd",
        "hardness_score": 1.0,
        "fluor": 90.0,
        "avg_GR": 110.60562298153846,
        "avg_RES_DEEP": 25.485501538753844,
        "mTVDss": -1207.07027,
        "hafwl_m": 2.9297300000000632,
        "owc_distance_m": 2.9297300000000632,
        "owc_near": "High",
        "isolated": false
      }
    },
    {
      "depth": 2140,
      "top": 2135.0,
      "bot": 2145.0,
      "WRCI": 47.0,
      "RQI": 0.6750948024659831,
      "risk_class": "Elevated",
      "flags": [
        "owc_high"
      ],
      "isolated": false,
      "evidence": {
        "pct_ss": 80,
        "grain_ordinal": 4,
        "poro_class": "fr-gd",
        "hardness_score": 1.0,
        "fluor": 100.0,
        "avg_GR": 102.01844177216923,
        "avg_RES_DEEP": 27.95312004089231,
        "mTVDss": -1206.9386666666667,
        "hafwl_m": 3.061333333333323,
        "owc_distance_m": 3.061333333333323,
        "owc_near": "High",
        "isolated": false
      }
    },
    {
      "depth": 2150,
      "top": 2145.0,
      "bot": 2155.0,
      "WRCI": 46.0,
      "RQI": 0.6500387122027157,
      "risk_class": "Elevated",
      "flags": [
        "owc_high"
      ],
      "isolated": false,
      "evidence": {
        "pct_ss": 80,
        "grain_ordinal": 4,
        "poro_class": "fr-gd",
        "hardness_score": 1.0,
        "fluor": 100.0,
        "avg_GR": 109.5161702709091,
        "avg_RES_DEEP": 26.153519659348486,
        "mTVDss": -1207.0887666666667,
        "hafwl_m": 2.911233333333257,
        "owc_distance_m": 2.911233333333257,
        "owc_near": "High",
        "isolated": false
      }
    },
    {
      "depth": 2170,
      "top": 2165.0,
      "bot": 2175.0,
      "WRCI": 46.0,
      "RQI": 0.6500860074049593,
      "risk_class": "Elevated",
      "flags": [
        "owc_high"
      ],
      "isolated": false,
      "evidence": {
        "pct_ss": 100,
        "grain_ordinal": 4,
        "poro_class": "fr-gd",
        "hardness_score": 1.0,
        "fluor": 100.0,
        "avg_GR": 101.55232168356923,
        "avg_RES_DEEP": 27.147213891784617,
        "mTVDss": -1207.164342222222,
        "hafwl_m": 2.8356577777778966,
        "owc_distance_m": 2.8356577777778966,
        "owc_near": "High",
        "isolated": false
      }
    },
    {
      "depth": 2230,
      "top": 2225.0,
      "bot": 2235.0,
      "WRCI": 45.88,
      "RQI": 0.6469091504648099,
      "risk_class": "Elevated",
      "flags": [
        "owc_high"
      ],
      "isolated": false,
      "evidence": {
        "pct_ss": 100,
        "grain_ordinal": 4,
        "poro_class": "fr-gd",
        "hardness_score": 0.55,
        "fluor": 100.0,
        "avg_GR": 73.5224890275606,
        "avg_RES_DEEP": 21.8296257654697,
        "mTVDss": -1206.5388366666666,
        "hafwl_m": 3.4611633333333884,
        "owc_distance_m": 3.4611633333333884,
        "owc_near": "High",
        "isolated": false
      }
    },
    {
      "depth": 2180,
      "top": 2175.0,
      "bot": 2185.0,
      "WRCI": 45.36,
      "RQI": 0.633999160471633,