{
  "alias": "JENA31DW1",
  "display": "JENA 31DW1",
  "flagged_zones": [
    {
      "depth": 3600.0,
      "top": 3595.0,
      "bot": 3605.0,
      "WRCI": 45.62,
      "RQI": 0.6405971144992932,
      "risk_class": "High",
      "flags": [
        "low_GR",
        "owc_high"
      ],
      "isolated": false,
      "evidence": {
        "pct_ss": 90.0,
        "grain_ordinal": 3,
        "poro_class": "fr",
        "hardness_score": 0.55,
        "fluor": 100.0,
        "avg_GR": 61.582510962861534,
        "avg_RES_DEEP": 25.24519374550769,
        "mTVDss": -1194.0803651803963,
        "hafwl_m": 3.9196348196037434,
        "owc_distance_m": 3.9196348196037434,
        "owc_near": "High",
        "isolated": false
      }
    },
    {
      "depth": 3610.0,
      "top": 3605.0,
      "bot": 3612.5,
      "WRCI": 44.58,
      "RQI": 0.614569805703834,
      "risk_class": "Elevated",
      "flags": [
        "owc_high"
      ],
      "isolated": false,
      "evidence": {
        "pct_ss": 95.0,
        "grain_ordinal": 3,
        "poro_class": "fr",
        "hardness_score": 0.55,
        "fluor": 100.0,
        "avg_GR": 72.72048416144,
        "avg_RES_DEEP": 24.69298591624,
        "mTVDss": -1194.3124897893638,
        "hafwl_m": 3.687510210636219,
        "owc_distance_m": 3.687510210636219,
        "owc_near": "High",
        "isolated": false
      }
    },
    {
      "depth": 2170.0,
      "top": 2165.0,
      "bot": 2175.0,
      "WRCI": 38.03,
      "RQI": 0.8508333333333333,
      "risk_class": "Elevated",
      "flags": [
        "low_GR",
        "ZOI"
      ],
      "isolated": false,
      "evidence": {
        "pct_ss": 100.0,
        "grain_ordinal": 4,
        "poro_class": "fr-gd",
        "hardness_score": 1.0,
        "fluor": 80.0,
        "avg_GR": 55.51831987816924,
        "avg_RES_DEEP": 28.30540152332308,
        "mTVDss": -1192.1920208514855,
        "hafwl_m": 5.807979148514505,
        "owc_distance_m": 5.807979148514505,
        "owc_near": "Low",
        "isolated": false
      }
    },
    {
      "depth": 2610.0,
      "top": 2607.5,
      "bot": 2612.5,
      "WRCI": 37.2,
      "RQI": 0.6799246695432938,
      "risk_class": "Elevated",
      "flags": [
        "owc_elevated"
      ],
      "isolated": false,
      "evidence": {
        "pct_ss": 95.0,
        "grain_ordinal": 5,
        "poro_class": "fr",
        "hardness_score": 1.0,
        "fluor": 100.0,
        "avg_GR": 70.09648756542424,
        "avg_RES_DEEP": 22.791221156272726,
        "mTVDss": -1193.1874709082472,
        "hafwl_m": 4.812529091752822,
        "owc_distance_m": 4.812529091752822,
        "owc_near": "Elevated",
        "isolated": false
      }
    },
    {
      "depth": 3580.0,
      "top": 3575.0,
      "bot": 3585.0,
      "WRCI": 36.84,
      "RQI": 0.670941249550397,
      "risk_class": "Elevated",
      "flags": [
        "low_GR",
        "owc_elevated"
      ],
      "isolated": false,
      "evidence": {
        "pct_ss": 90.0,
        "grain_ordinal": 4,
        "poro_class": "fr",
        "hardness_score": 0.55,
        "fluor": 100.0,
        "avg_GR": 65.14530751158463,
        "avg_RES_DEEP": 28.209244654676926,
        "mTVDss": -1193.272371340314,
        "hafwl_m": 4.727628659685934,
        "owc_distance_m": 4.727628659685934,
        "owc_near": "Elevated",
        "isolated": false
      }
    },
    {
      "depth": 3590.0,
      "top": 3585.0,
      "bot": 3595.0,
      "WRCI": 35.37,
      "RQI": 0.6343021356354415,
      "risk_class": "Elevated",
      "flags": [
        "low_GR",
        "owc_elevated"
      ],
      "isolated": false,
      "evidence": {
        "pct_ss": 90.0,
        "grain_ordinal": 3,
        "poro_class": "fr",
        "hardness_score": 0.55,
        "fluor": 100.0,
        "avg_GR": 62.95654591642425,
        "avg_RES_DEEP": 27.787289388212123,
        "mTVDss": -1193.6931592984292,
        "hafwl_m": 4.3068407015707635,
        "owc_distance_m": 4.3068407015707635,
        "owc_near": "Elevated",
        "isolated": false
      }
    },
    {
      "depth": 2140.0,
      "top": 2135.0,
      "bot": 2145.0,
      "WRCI": 34.4,
      "RQI": 0.6099240906642492,
      "risk_class": "Elevated",
      "flags": [
        "owc_elevated"
      ],
      "isolated": false,
      "evidence": {
        "pct_ss": 90.0,
        "grain_ordinal": 4,
        "poro_class": "fr-gd",
        "hardness_score": 0.85,
        "fluor": 100.0,
        "avg_GR": 94.2887323232923,
        "avg_RES_DEEP": 24.13914765581539,
        "mTVDss": -1193.1700510766987,
        "hafwl_m": 4.829948923301345,
        "owc_distance_m": 4.829948923301345,
        "owc_near": "Elevated",
        "isolated": false
      }
    },
    {
      "depth": 2180.0,
      "top": 2175.0,
      "bot": 2185.0,
      "WRCI": 34.03,
      "RQI": 0.7508333333333334,
      "risk_class": "Elevated",
      "flags": [
        "low_GR"
      ],
      "isolated": false,
      "evidence": {
        "pct_ss": 100.0,
        "grain_ordinal": 4,
        "poro_class": "fr-gd",
        "hardness_score": 1.0,
        "fluor": 80.0,
        "avg_GR": 35.93102567839394,
        "avg_RES_DEEP": 26.52321067007576,
        "mTVDss": -1191.8915136391258,
        "hafwl_m": 6.108486360874167,
        "owc_distance_m": 6.108486360874167,
        "owc_near": "Low",
        "isolated": false
      }
    },
    {
      "depth": 2190.0,
      "top": 2185.0,
      "bot": 2195.0,
      "WRCI": 34.03,
      "RQI": 0.7508333333333334,
      "risk_class": "Elevated",
      "flags": [
        "low_GR"
      ],
      "isolated": false,
      "evidence": {
        "pct_ss": 100.0,
        "grain_ordinal": 4,
        "poro_class": "fr-gd",
        "hardness_score": 1.0,
        "fluor": 80.0,
        "avg_GR": 46.01798926129231,
        "avg_RES_DEEP": 25.540815324015384,
        "mTVDss": -1191.582663878901,
        "hafwl_m": 6.41733612109897,
        "owc_distance_m": 6.41733612109897,
        "owc_near": "Low",
        "isolated": false
      }
    },
    {
      "depth": 2760.0,
      "top": 2755.0,
      "bot": 2765.0,
      "WRCI": 33.78,
      "RQI": 0.8445894863647797,
      "risk_class": "Elevated",
      "flags": [
        "low_GR"
      ],
      "isolated": false,
      "evidence": {
        "pct_ss": 100.0,
        "grain_ordinal": 5,
        "poro_class": "fr",
        "hardness_score": 1.0,
        "fluor": 100.0,
        "avg_GR": 65.8041545405606,
        "avg_RES_DEEP": 25.848706014272732,
        "mTVDss": -1192.9031303020517,
        "hafwl_m": 5.09686969794825,
        "owc_distance_m": 5.09686969794825,
        "owc_near": "Low",
        "isolated": false
      }
    },
    {
      "depth": 2200.0,
      "top": 2195.0,
      "bot": 2205.0,
      "WRCI": 29.83,
      "RQI": 0.6458333333333334,
      "risk_class": "Elevated",
      "flags": [
        "low_GR"
      ],
      "isolated": false,
      "evidence": {
        "pct_ss": 95.0,
        "grain_ordinal": 4,
        "poro_class": "fr-gd",
        "hardness_score": 0.85,
        "fluor": 80.0,
        "avg_GR": 59.10965769212121,
        "avg_RES_DEEP": 28.432346921954547,
        "mTVDss": -1191.261692492769,
        "hafwl_m": 6.738307507230957,
        "owc_distance_m": 6.738307507230957,
        "owc_near": "Low",
        "isolated": false
      }
    },
    {
      "depth": 3340.0,
      "top": 3335.0,
      "bot": 3345.0,
      "WRCI": 27.01,
      "RQI": 0.6753315649015044,
      "risk_class": "Elevated",
      "flags": [
        "low_GR"
      ],
      "isolated": false,
      "evidence": {
        "pct_ss": 95.0,
        "grain_ordinal": 4,
        "poro_class": "fr",
        "hardness_score": 1.0,
        "fluor": 100.0,
        "avg_GR": 65.27838627743078,
        "avg_RES_DEEP": 28.330203012353845,
        "mTVDss": -1192.3468528214178,
        "hafwl_m": 5.6531471785822305,
        "owc_distance_m": 5.6531471785822305,
        "owc_near": "Low",