{
  "alias": "MCKINLAY10",
  "display": "MCKINLAY 10",
  "flagged_zones": [
    {
      "depth": 2095.0,
      "top": 2092.5,
      "bot": 2097.5,
      "WRCI": 26.07,
      "RQI": 0.6516666666666667,
      "risk_class": "Elevated",
      "flags": [
        "low_GR"
      ],
      "evidence": {
        "pct_ss": 43.75,
        "grain_ordinal": 0,
        "poro_class": "fr-gd",
        "hardness_score": 1.0,
        "fluor": 97.75,
        "avg_GR": 57.504194201848485,
        "avg_RES_DEEP": 70.50302459251516,
        "mTVDss": -1195.241116019277,
        "owc_distance_m": 7.7588839807231125,
        "owc_near": "Low"
      }
    }
  ]
}