{
  "alias": "MCKINLAY15",
  "display": "MCKINLAY 15",
  "flagged_zones": [
    {
      "depth": 2030.0,
      "top": 2027.5,
      "bot": 2032.5,
      "WRCI": 54.36,
      "RQI": 0.735,
      "risk_class": "High",
      "flags": [
        "lowres",
        "owc_high"
      ],
      "isolated": false,
      "evidence": {
        "pct_ss": 100.0,
        "grain_ordinal": 0,
        "poro_class": "fr",
        "hardness_score": 1.0,
        "fluor": 80.0,
        "avg_GR": 85.84255495933334,
        "avg_RES_DEEP": 19.04002420824242,
        "mTVDss": -1200.3828158691438,
        "hafwl_m": 2.6171841308562307,
        "owc_distance_m": 2.6171841308562307,
        "owc_near": "High",
        "isolated": false
      }
    },
    {
      "depth": 2035.0,
      "top": 2032.5,
      "bot": 2037.5,
      "WRCI": 52.66,
      "RQI": 0.7164830772447708,
      "risk_class": "Elevated",
      "flags": [
        "owc_high"
      ],
      "isolated": false,
      "evidence": {
        "pct_ss": 100.0,
        "grain_ordinal": 0,
        "poro_class": "fr",
        "hardness_score": 1.0,
        "fluor": 80.0,
        "avg_GR": 92.02290020563638,
        "avg_RES_DEEP": 20.15949688527273,
        "mTVDss": -1200.3666711533235,
        "hafwl_m": 2.633328846676477,
        "owc_distance_m": 2.633328846676477,
        "owc_near": "High",
        "isolated": false
      }
    },
    {
      "depth": 1975.0,
      "top": 1972.5,
      "bot": 1977.5,
      "WRCI": 50.71,
      "RQI": 0.6178571428571429,
      "risk_class": "High",
      "flags": [
        "lowfluor",
        "owc_high"
      ],
      "isolated": false,
      "evidence": {
        "pct_ss": 100.0,
        "grain_ordinal": 0,
        "poro_class": "fr",
        "hardness_score": 0.55,
        "fluor": 70.0,
        "avg_GR": 86.1230697630303,
        "avg_RES_DEEP": 21.25879385990909,
        "mTVDss": -1199.3147566180737,
        "hafwl_m": 3.685243381926284,
        "owc_distance_m": 3.685243381926284,
        "owc_near": "High",
        "isolated": false
      }
    },
    {
      "depth": 2025.0,
      "top": 2022.5,
      "bot": 2027.5,
      "WRCI": 49.12,
      "RQI": 0.6103688921260184,
      "risk_class": "High",
      "flags": [
        "lowres",
        "owc_high"
      ],
      "isolated": false,
      "evidence": {
        "pct_ss": 100.0,
        "grain_ordinal": 0,
        "poro_class": "fr",
        "hardness_score": 1.0,
        "fluor": 80.0,
        "avg_GR": 93.39642102806062,
        "avg_RES_DEEP": 19.297966639151515,
        "mTVDss": -1200.398960584964,
        "hafwl_m": 2.6010394150359843,
        "owc_distance_m": 2.6010394150359843,
        "owc_near": "High",
        "isolated": false
      }
    },
    {
      "depth": 2500.0,
      "top": 2497.5,
      "bot": 2502.5,
      "WRCI": 43.58,
      "RQI": 0.36827043103037993,
      "risk_class": "Elevated",
      "flags": [],
      "isolated": false,
      "evidence": {
        "pct_ss": 100.0,
        "grain_ordinal": 0,
        "poro_class": "fr",
        "hardness_score": 0.55,
        "fluor": 0.0,
        "avg_GR": 121.46706667818182,
        "avg_RES_DEEP": 11.15482723351515,
        "mTVDss": -1201.581813869509,
        "hafwl_m": 1.4181861304909944,
        "owc_distance_m": 1.4181861304909944,
        "owc_near": "Low",
        "isolated": false
      }
    },
    {
      "depth": 2530.0,
      "top": 2527.5,
      "bot": 2532.5,
      "WRCI": 42.38,
      "RQI": 0.35220119827341745,
      "risk_class": "Elevated",
      "flags": [],
      "isolated": false,
      "evidence": {
        "pct_ss": 100.0,
        "grain_ordinal": 0,
        "poro_class": "fr",
        "hardness_score": 0.30000000000000004,
        "fluor": 0.0,
        "avg_GR": 106.46349982060605,
        "avg_RES_DEEP": 11.709939349848487,
        "mTVDss": -1201.6691223166124,
        "hafwl_m": 1.3308776833875982,
        "owc_distance_m": 1.3308776833875982,
        "owc_near": "Low",
        "isolated": false
      }
    },
    {
      "depth": 2510.0,
      "top": 2507.5,
      "bot": 2512.5,
      "WRCI": 42.25,
      "RQI": 0.35910232998258124,
      "risk_class": "Elevated",
      "flags": [],
      "isolated": false,
      "evidence": {
        "pct_ss": 100.0,
        "grain_ordinal": 0,
        "poro_class": "fr",
        "hardness_score": 0.55,
        "fluor": 0.0,
        "avg_GR": 114.54083621848484,
        "avg_RES_DEEP": 12.11350914930303,
        "mTVDss": -1201.5993092075594,
        "hafwl_m": 1.4006907924406278,
        "owc_distance_m": 1.4006907924406278,
        "owc_near": "Low",
        "isolated": false
      }
    },
    {
      "depth": 2505.0,
      "top": 2502.5,
      "bot": 2507.5,
      "WRCI": 42.08,
      "RQI": 0.35701592729821735,
      "risk_class": "Elevated",
      "flags": [],
      "isolated": false,
      "evidence": {
        "pct_ss": 100.0,
        "grain_ordinal": 0,
        "poro_class": "fr",
        "hardness_score": 0.55,
        "fluor": 0.0,
        "avg_GR": 115.00953604933333,
        "avg_RES_DEEP": 12.200221292969696,
        "mTVDss": -1201.5892315025644,
        "hafwl_m": 1.4107684974355834,
        "owc_distance_m": 1.4107684974355834,
        "owc_near": "Low",
        "isolated": false
      }
    },
    {
      "depth": 2570.0,
      "top": 2567.5,
      "bot": 2572.5,
      "WRCI": 41.86,
      "RQI": 0.3186702879214086,
      "risk_class": "Elevated",
      "flags": [],
      "isolated": false,
      "evidence": {
        "pct_ss": 100.0,
        "grain_ordinal": 0,
        "poro_class": "fr",
        "hardness_score": 0.55,
        "fluor": 0.0,
        "avg_GR": 123.6236903659375,
        "avg_RES_DEEP": 10.884553104687498,
        "mTVDss": -1201.6069155424489,
        "hafwl_m": 1.39308445755114,
        "owc_distance_m": 1.39308445755114,
        "owc_near": "Low",
        "isolated": false
      }
    },
    {
      "depth": 2575.0,
      "top": 2572.5,
      "bot": 2577.5,
      "WRCI": 41.57,
      "RQI": 0.3128941404339582,
      "risk_class": "Elevated",
      "flags": [],
      "isolated": false,
      "evidence": {
        "pct_ss": 100.0,
        "grain_ordinal": 0,
        "poro_class": "fr",
        "hardness_score": 0.55,
        "fluor": 0.0,
        "avg_GR": 124.92127274090909,
        "avg_RES_DEEP": 10.943106102181819,
        "mTVDss": -1201.5887258885166,
        "hafwl_m": 1.411274111483408,
        "owc_distance_m": 1.411274111483408,
        "owc_near": "Low",
        "isolated": false
      }
    },
    {
      "depth": 2555.0,
      "top": 2552.5,
      "bot": 2557.5,
      "WRCI": 41.53,
      "RQI": 0.30807240438035255,
      "risk_class": "Elevated",
      "flags": [],
      "isolated": false,
      "evidence": {
        "pct_ss": 100.0,
        "grain_ordinal": 0,
        "poro_class": "fr",
        "hardness_score": 0.55,
        "fluor": 0.0,
        "avg_GR": 126.00445140515151,
        "avg_RES_DEEP": 10.791581818575757,
        "mTVDss": -1201.6525349419621,
        "hafwl_m": 1.3474650580378693,
        "owc_distance_m": 1.3474650580378693,
        "owc_near": "Low",
        "isolated": false
      }
    },
    {
      "depth": 2565.0,
      "top": 2562.5,
      "bot": 2567.5,
      "WRCI": 41.42,
      "RQI": 0.3101281723074472,
      "risk_class": "Elevated",
      "flags": [],
      "isolated": false,
      "evidence": {
        "pct_ss": 100.0,
        "grain_ordinal": 0,
        "poro_class": "fr",
        "hardness_score": 0.55,
        "fluor": 0.0,
        "avg_GR": 125.5426335178788,
        "avg_RES_DEEP": 10.989275816727272,
        "mTVDss": -1201.6272273139814,
        "hafwl_m": 1.3727726860186067,
        "owc_distance_m": 1.3727726860186067,
        "owc_near": "Low",
        "isolated": false
      }
    },
    {
      "depth": 2520.0,
      "top": 2517.5,
      "bot": 2522.5,
      "WRCI": 41.39,
      "RQI": 0.35086033363005587,
      "risk_class": "Elevated",
      "flags": [],
      "isolated": false,