{
  "alias": "MCKINLAY12",
  "display": "MCKINLAY 12",
  "flagged_zones": [
    {
      "depth": 2150.0,
      "top": 2147.5,
      "bot": 2152.5,
      "WRCI": 42.7,
      "RQI": 0.6174967095083338,
      "risk_class": "Elevated",
      "flags": [
        "lowfluor"
      ],
      "isolated": false,
      "evidence": {
        "pct_ss": 100.0,
        "grain_ordinal": 0,
        "poro_class": "fr",
        "hardness_score": 1.0,
        "fluor": 10.0,
        "avg_GR": 84.5706181381212,
        "avg_RES_DEEP": 24.573006138636362,
        "mTVDss": -1195.350756050498,
        "hafwl_m": 7.649243949502079,
        "owc_distance_m": 7.649243949502079,
        "owc_near": "Low",
        "isolated": false
      }
    },
    {
      "depth": 2300.0,
      "top": 2297.5,
      "bot": 2302.5,
      "WRCI": 40.83,
      "RQI": 0.670808080808081,
      "risk_class": "High",
      "flags": [
        "lowfluor",
        "low_GR"
      ],
      "isolated": false,
      "evidence": {
        "pct_ss": 100.0,
        "grain_ordinal": 0,
        "poro_class": "gd",
        "hardness_score": 0.85,
        "fluor": 30.0,
        "avg_GR": 68.25651827721211,
        "avg_RES_DEEP": 27.573924266939397,
        "mTVDss": -1196.8856413076828,
        "hafwl_m": 6.114358692317182,
        "owc_distance_m": 6.114358692317182,
        "owc_near": "Low",
        "isolated": false
      }
    },
    {
      "depth": 2295.0,
      "top": 2292.5,
      "bot": 2297.5,
      "WRCI": 40.15,
      "RQI": 0.5287406393149259,
      "risk_class": "Elevated",
      "flags": [],
      "isolated": false,
      "evidence": {
        "pct_ss": 100.0,
        "grain_ordinal": 0,
        "poro_class": "fr",
        "hardness_score": 0.85,
        "fluor": 5.0,
        "avg_GR": 85.54238799136364,
        "avg_RES_DEEP": 26.876257578606058,
        "mTVDss": -1196.761735391377,
        "hafwl_m": 6.2382646086230125,
        "owc_distance_m": 6.2382646086230125,
        "owc_near": "Low",
        "isolated": false
      }
    },
    {
      "depth": 2630.0,
      "top": 2627.5,
      "bot": 2632.5,
      "WRCI": 38.19,
      "RQI": 0.654714757060281,
      "risk_class": "Elevated",
      "flags": [
        "owc_elevated"
      ],
      "isolated": false,
      "evidence": {
        "pct_ss": 100.0,
        "grain_ordinal": 0,
        "poro_class": "gd",
        "hardness_score": 1.0,
        "fluor": 90.0,
        "avg_GR": 88.20972696930302,
        "avg_RES_DEEP": 28.503139322424243,
        "mTVDss": -1198.6116720959055,
        "hafwl_m": 4.388327904094467,
        "owc_distance_m": 4.388327904094467,
        "owc_near": "Elevated",
        "isolated": false
      }
    },
    {
      "depth": 2635.0,
      "top": 2632.5,
      "bot": 2637.5,
      "WRCI": 37.01,
      "RQI": 0.6251944211537717,
      "risk_class": "Elevated",
      "flags": [
        "owc_elevated"
      ],
      "isolated": false,
      "evidence": {
        "pct_ss": 100.0,
        "grain_ordinal": 0,
        "poro_class": "gd",
        "hardness_score": 1.0,
        "fluor": 90.0,
        "avg_GR": 93.49985504148485,
        "avg_RES_DEEP": 28.472321365848483,
        "mTVDss": -1198.7181317542645,
        "hafwl_m": 4.281868245735495,
        "owc_distance_m": 4.281868245735495,
        "owc_near": "Elevated",
        "isolated": false
      }
    },
    {
      "depth": 2550.0,
      "top": 2547.5,
      "bot": 2552.5,
      "WRCI": 32.91,
      "RQI": 0.7727272727272729,
      "risk_class": "Elevated",
      "flags": [
        "low_GR"
      ],
      "isolated": false,
      "evidence": {
        "pct_ss": 100.0,
        "grain_ordinal": 0,
        "poro_class": "gd",
        "hardness_score": 1.0,
        "fluor": 90.0,
        "avg_GR": 65.8654325080909,
        "avg_RES_DEEP": 31.18927290942424,
        "mTVDss": -1197.2893185022556,
        "hafwl_m": 5.710681497744417,
        "owc_distance_m": 5.710681497744417,
        "owc_near": "Low",
        "isolated": false
      }
    },
    {
      "depth": 1690.0,
      "top": 1687.5,
      "bot": 1692.5,
      "WRCI": 32.57,
      "RQI": 0.6141666666666666,
      "risk_class": "High",
      "flags": [
        "lowfluor",
        "low_GR"
      ],
      "isolated": false,
      "evidence": {
        "pct_ss": 100.0,
        "grain_ordinal": 0,
        "poro_class": "fr-gd",
        "hardness_score": 1.0,
        "fluor": 60.0,
        "avg_GR": 68.82305515175757,
        "avg_RES_DEEP": 22.150217923212118,
        "mTVDss": -1196.9585541866245,
        "hafwl_m": 6.041445813375503,
        "owc_distance_m": 6.041445813375503,
        "owc_near": "Low",
        "isolated": false
      }
    },
    {
      "depth": 2185.0,
      "top": 2182.5,
      "bot": 2187.5,
      "WRCI": 29.64,
      "RQI": 0.6910957400087837,
      "risk_class": "Elevated",
      "flags": [
        "low_GR"
      ],
      "isolated": false,
      "evidence": {
        "pct_ss": 100.0,
        "grain_ordinal": 0,
        "poro_class": "fr",
        "hardness_score": 1.0,
        "fluor": 90.0,
        "avg_GR": 65.62338499581818,
        "avg_RES_DEEP": 33.16629392454545,
        "mTVDss": -1194.9383955664723,
        "hafwl_m": 8.061604433527691,
        "owc_distance_m": 8.061604433527691,
        "owc_near": "Low",
        "isolated": false
      }
    },
    {
      "depth": 1845.0,
      "top": 1842.5,
      "bot": 1847.5,
      "WRCI": 28.37,
      "RQI": 0.6591414141414144,
      "risk_class": "Elevated",
      "flags": [
        "low_GR"
      ],
      "isolated": false,
      "evidence": {
        "pct_ss": 100.0,
        "grain_ordinal": 0,
        "poro_class": "fr",
        "hardness_score": 0.85,
        "fluor": 90.0,
        "avg_GR": 69.8988025549394,
        "avg_RES_DEEP": 26.19690889309091,
        "mTVDss": -1195.3131543958914,
        "hafwl_m": 7.686845604108612,
        "owc_distance_m": 7.686845604108612,
        "owc_near": "Low",
        "isolated": false
      }
    },
    {
      "depth": 1705.0,
      "top": 1702.5,
      "bot": 1707.5,
      "WRCI": 27.53,
      "RQI": 0.6222894368689844,
      "risk_class": "Elevated",
      "flags": [
        "lowres"
      ],
      "isolated": false,
      "evidence": {
        "pct_ss": 100.0,
        "grain_ordinal": 0,
        "poro_class": "fr-gd",
        "hardness_score": 1.0,
        "fluor": 90.0,
        "avg_GR": 89.53584012127273,
        "avg_RES_DEEP": 19.36181814021212,
        "mTVDss": -1197.321234316187,
        "hafwl_m": 5.678765683813026,
        "owc_distance_m": 5.678765683813026,
        "owc_near": "Low",
        "isolated": false
      }
    },
    {
      "depth": 1700.0,
      "top": 1697.5,
      "bot": 1702.5,
      "WRCI": 27.49,
      "RQI": 0.6307173226011733,
      "risk_class": "Elevated",
      "flags": [
        "lowres"
      ],
      "isolated": false,
      "evidence": {
        "pct_ss": 100.0,
        "grain_ordinal": 0,
        "poro_class": "fr-gd",
        "hardness_score": 1.0,
        "fluor": 90.0,
        "avg_GR": 88.02553905145456,
        "avg_RES_DEEP": 19.739100022727275,
        "mTVDss": -1197.2300502074702,
        "hafwl_m": 5.769949792529815,
        "owc_distance_m": 5.769949792529815,
        "owc_near": "Low",
        "isolated": false
      }
    },
    {
      "depth": 2190.0,
      "top": 2187.5,
      "bot": 2192.5,
      "WRCI": 27.4,
      "RQI": 0.635,
      "risk_class": "Elevated",
      "flags": [
        "low_GR"
      ],
      "isolated": false,
      "evidence": {
        "pct_ss": 100.0,
        "grain_ordinal": 0,
        "poro_class": "fr",
        "hardness_score": 1.0,
        "fluor": 90.0,
        "avg_GR": 69.56577913678787,
        "avg_RES_DEEP": 33.952523896242425,
        "mTVDss": -1194.9150827696287,
        "hafwl_m": 8.084917230371275,
        "owc_distance_m": 8.084917230371275,
        "owc_near": "Low",
        "isolated": false
      }
    },
    {
      "depth": 2305.0,
      "top": 2302.5,
      "bot": 2307.5,
      "WRCI": 26.83,