{
  "alias": "MCKINLAY10",
  "display": "MCKINLAY 10",
  "flagged_zones": [
    {
      "depth": 2105.0,
      "top": 2102.5,
      "bot": 2107.5,
      "WRCI": 32.59,
      "RQI": 0.5147114228713404,
      "risk_class": "Elevated",
      "flags": [
        "lowfluor"
      ],
      "isolated": false,
      "evidence": {
        "pct_ss": 10.0,
        "grain_ordinal": 0,
        "poro_class": "fr-gd",
        "hardness_score": 1.0,
        "fluor": 40.0,
        "avg_GR": 85.80621777169695,
        "avg_RES_DEEP": 40.1508852640303,
        "mTVDss": -1195.4237275237708,
        "hafwl_m": 7.576272476229178,
        "owc_distance_m": 7.576272476229178,
        "owc_near": "Low",
        "isolated": false
      }
    },
    {
      "depth": 2100.0,
      "top": 2097.5,
      "bot": 2102.5,
      "WRCI": 32.06,
      "RQI": 0.5765853496121445,
      "risk_class": "Elevated",
      "flags": [
        "lowfluor",
        "low_GR"
      ],
      "isolated": false,
      "evidence": {
        "pct_ss": 6.25,
        "grain_ordinal": 0,
        "poro_class": "fr-gd",
        "hardness_score": 1.0,
        "fluor": 55.0,
        "avg_GR": 67.69945669171875,
        "avg_RES_DEEP": 43.25302815440625,
        "mTVDss": -1195.3281769363668,
        "hafwl_m": 7.6718230636331555,
        "owc_distance_m": 7.6718230636331555,
        "owc_near": "Low",
        "isolated": false
      }
    },
    {
      "depth": 1585.0,
      "top": 1582.5,
      "bot": 1587.5,
      "WRCI": 30.57,
      "RQI": 0.5842741266500137,
      "risk_class": "Elevated",
      "flags": [
        "lowfluor"
      ],
      "isolated": false,
      "evidence": {
        "pct_ss": 100.0,
        "grain_ordinal": 0,
        "poro_class": "fr",
        "hardness_score": 0.55,
        "fluor": 64.0,
        "avg_GR": 89.4003850760606,
        "avg_RES_DEEP": 37.73293940230303,
        "mTVDss": -1192.6441999336942,
        "hafwl_m": 10.355800066305846,
        "owc_distance_m": 10.355800066305846,
        "owc_near": "Low",
        "isolated": false
      }
    },
    {
      "depth": 1955.0,
      "top": 1952.5,
      "bot": 1957.5,
      "WRCI": 29.57,
      "RQI": 0.5697560312278065,
      "risk_class": "Elevated",
      "flags": [
        "lowfluor"
      ],
      "isolated": false,
      "evidence": {
        "pct_ss": 50.0,
        "grain_ordinal": 0,
        "poro_class": "none",
        "hardness_score": 1.0,
        "fluor": 66.11764705882354,
        "avg_GR": 93.84214875187878,
        "avg_RES_DEEP": 26.231278795181822,
        "mTVDss": -1192.972033705964,
        "hafwl_m": 10.027966294036105,
        "owc_distance_m": 10.027966294036105,
        "owc_near": "Low",
        "isolated": false
      }
    },
    {
      "depth": 1820.0,
      "top": 1817.5,
      "bot": 1822.5,
      "WRCI": 29.27,
      "RQI": 0.7317857142857144,
      "risk_class": "Elevated",
      "flags": [
        "low_GR"
      ],
      "isolated": false,
      "evidence": {
        "pct_ss": 57.142857142857146,
        "grain_ordinal": 0,
        "poro_class": "fr-gd",
        "hardness_score": 1.0,
        "fluor": 100.0,
        "avg_GR": 67.20280005718182,
        "avg_RES_DEEP": 53.22327573378788,
        "mTVDss": -1189.7141894565884,
        "hafwl_m": 13.285810543411571,
        "owc_distance_m": 13.285810543411571,
        "owc_near": "Low",
        "isolated": false
      }
    },
    {
      "depth": 1805.0,
      "top": 1802.5,
      "bot": 1807.5,
      "WRCI": 27.87,
      "RQI": 0.6966666666666668,
      "risk_class": "Elevated",
      "flags": [
        "low_GR"
      ],
      "isolated": false,
      "evidence": {
        "pct_ss": 100.0,
        "grain_ordinal": 0,
        "poro_class": "fr-gd",
        "hardness_score": 0.55,
        "fluor": 100.0,
        "avg_GR": 67.61456090754544,
        "avg_RES_DEEP": 65.98397884945454,
        "mTVDss": -1189.8185301376293,
        "hafwl_m": 13.181469862370705,
        "owc_distance_m": 13.181469862370705,
        "owc_near": "Low",
        "isolated": false
      }
    },
    {
      "depth": 2095.0,
      "top": 2092.5,
      "bot": 2097.5,
      "WRCI": 26.52,
      "RQI": 0.6516666666666667,
      "risk_class": "Elevated",
      "flags": [
        "low_GR"
      ],
      "isolated": false,
      "evidence": {
        "pct_ss": 43.75,
        "grain_ordinal": 0,
        "poro_class": "fr-gd",
        "hardness_score": 1.0,
        "fluor": 97.75,
        "avg_GR": 57.504194201848485,
        "avg_RES_DEEP": 70.50302459251516,
        "mTVDss": -1195.241116019277,
        "hafwl_m": 7.7588839807231125,
        "owc_distance_m": 7.7588839807231125,
        "owc_near": "Low",
        "isolated": false
      }
    },
    {
      "depth": 2090.0,
      "top": 2087.5,
      "bot": 2092.5,
      "WRCI": 24.03,
      "RQI": 0.6006329562364072,
      "risk_class": "Elevated",
      "flags": [
        "low_GR"
      ],
      "isolated": false,
      "evidence": {
        "pct_ss": 21.428571428571427,
        "grain_ordinal": 0,
        "poro_class": "fr-gd",
        "hardness_score": 1.0,
        "fluor": 100.0,
        "avg_GR": 69.34626076439395,
        "avg_RES_DEEP": 83.05170001384847,
        "mTVDss": -1195.1638889253463,
        "hafwl_m": 7.836111074653672,
        "owc_distance_m": 7.836111074653672,
        "owc_near": "Low",
        "isolated": false
      }
    },
    {
      "depth": 1815.0,
      "top": 1812.5,
      "bot": 1817.5,
      "WRCI": 22.29,
      "RQI": 0.5571428571428572,
      "risk_class": "Elevated",
      "flags": [
        "low_GR"
      ],
      "isolated": false,
      "evidence": {
        "pct_ss": 3.5714285714285716,
        "grain_ordinal": 0,
        "poro_class": "fr-gd",
        "hardness_score": 0.55,
        "fluor": 100.0,
        "avg_GR": 61.842634201093745,
        "avg_RES_DEEP": 55.95495295525,
        "mTVDss": -1189.7355697065186,
        "hafwl_m": 13.264430293481382,
        "owc_distance_m": 13.264430293481382,
        "owc_near": "Low",
        "isolated": false
      }
    },
    {
      "depth": 1810.0,
      "top": 1807.5,
      "bot": 1812.5,
      "WRCI": 22.0,
      "RQI": 0.55,
      "risk_class": "Elevated",
      "flags": [
        "low_GR"
      ],
      "isolated": false,
      "evidence": {
        "pct_ss": 0.0,
        "grain_ordinal": 0,
        "poro_class": "fr-gd",
        "hardness_score": 0.55,
        "fluor": 100.0,
        "avg_GR": 61.079766822636365,
        "avg_RES_DEEP": 61.08885736175757,
        "mTVDss": -1189.7757697840948,
        "hafwl_m": 13.224230215905209,
        "owc_distance_m": 13.224230215905209,
        "owc_near": "Low",
        "isolated": false
      }
    },
    {
      "depth": 1725.0,
      "top": 1722.5,
      "bot": 1727.5,
      "WRCI": 20.79,
      "RQI": 0.5198599694053231,
      "risk_class": "Low",
      "flags": [
        "ZOI"
      ],
      "isolated": false,
      "evidence": {
        "pct_ss": 100.0,
        "grain_ordinal": 0,
        "poro_class": "fr-gd",
        "hardness_score": 0.55,
        "fluor": 100.0,
        "avg_GR": 100.77508452445454,
        "avg_RES_DEEP": 35.77634557090909,
        "mTVDss": -1191.0928808883332,
        "hafwl_m": 11.907119111666816,
        "owc_distance_m": 11.907119111666816,
        "owc_near": "Low",
        "isolated": false
      }
    }
  ]
}