{
  "alias": "MCKINLAY13",
  "display": "MCKINLAY 13",
  "flagged_zones": [
    {
      "depth": 2220.0,
      "top": 2217.5,
      "bot": 2222.5,
      "WRCI": 27.53,
      "RQI": 0.688247134603368,
      "risk_class": "Low",
      "flags": [
        "ZOI"
      ],
      "evidence": {
        "pct_ss": 100.0,
        "grain_ordinal": 0,
        "poro_class": "fr",
        "hardness_score": 1.0,
        "fluor": 90.0,
        "avg_GR": 86.77291269012122,
        "avg_RES_DEEP": 43.85495492184848,
        "mTVDss": -1189.271031118632,
        "owc_distance_m": 13.728968881368019,
        "owc_near": "Low"
      }
    }
  ]
}