{
  "alias": "STIMPEE6",
  "display": "STIMPEE 6",
  "flagged_zones": [
    {
      "depth": 3186,
      "top": 3183.0,
      "bot": 3188.5,
      "WRCI": 51.99,
      "RQI": 0.7998661311914324,
      "risk_class": "Elevated",
      "flags": [
        "owc_high"
      ],
      "isolated": false,
      "evidence": {
        "pct_ss": 100,
        "grain_ordinal": 5,
        "poro_class": "fr",
        "hardness_score": 1.0,
        "fluor": 100.0,
        "avg_GR": null,
        "avg_RES_DEEP": null,
        "mTVDss": -1210.5210047286405,
        "hafwl_m": 3.4789952713595085,
        "owc_distance_m": 3.4789952713595085,
        "owc_near": "High",
        "isolated": false
      }
    },
    {
      "depth": 3100,
      "top": 3095.0,
      "bot": 3105.0,
      "WRCI": 46.19,
      "RQI": 0.6546608177644304,
      "risk_class": "Elevated",
      "flags": [
        "owc_high"
      ],
      "isolated": false,
      "evidence": {
        "pct_ss": 100,
        "grain_ordinal": 4,
        "poro_class": "fr",
        "hardness_score": 1.0,
        "fluor": 100.0,
        "avg_GR": 108.77243481336363,
        "avg_RES_DEEP": 28.532850063227272,
        "mTVDss": -1211.7242912853471,
        "hafwl_m": 2.2757087146528647,
        "owc_distance_m": 2.2757087146528647,
        "owc_near": "High",
        "isolated": false
      }
    },
    {
      "depth": 3110,
      "top": 3105.0,
      "bot": 3115.0,
      "WRCI": 46.16,
      "RQI": 0.6038888888888889,
      "risk_class": "Elevated",
      "flags": [
        "ZOI",
        "owc_high"
      ],
      "isolated": false,
      "evidence": {
        "pct_ss": 100,
        "grain_ordinal": 3,
        "poro_class": "fr",
        "hardness_score": 1.0,
        "fluor": 90.0,
        "avg_GR": 113.79068263123077,
        "avg_RES_DEEP": 24.601733955953843,
        "mTVDss": -1211.5149360416667,
        "hafwl_m": 2.485063958333285,
        "owc_distance_m": 2.485063958333285,
        "owc_near": "High",
        "isolated": false
      }
    },
    {
      "depth": 2570,
      "top": 2565.0,
      "bot": 2575.0,
      "WRCI": 45.99,
      "RQI": 0.6498080766187843,
      "risk_class": "Elevated",
      "flags": [
        "owc_high"
      ],
      "isolated": false,
      "evidence": {
        "pct_ss": 100,
        "grain_ordinal": 4,
        "poro_class": "none",
        "hardness_score": 1.0,
        "fluor": 100.0,
        "avg_GR": 85.90601406671213,
        "avg_RES_DEEP": 26.409075737,
        "mTVDss": -1210.297133313253,
        "hafwl_m": 3.7028666867470292,
        "owc_distance_m": 3.7028666867470292,
        "owc_near": "High",
        "isolated": false
      }
    },
    {
      "depth": 2600,
      "top": 2595.0,
      "bot": 2605.0,
      "WRCI": 45.34,
      "RQI": 0.6336183944657656,
      "risk_class": "Elevated",
      "flags": [
        "owc_high"
      ],
      "isolated": false,
      "evidence": {
        "pct_ss": 100,
        "grain_ordinal": 3,
        "poro_class": "fr",
        "hardness_score": 1.0,
        "fluor": 100.0,
        "avg_GR": 86.19702391195455,
        "avg_RES_DEEP": 23.904563585893943,
        "mTVDss": -1210.6921140515462,
        "hafwl_m": 3.307885948453759,
        "owc_distance_m": 3.307885948453759,
        "owc_near": "High",
        "isolated": false
      }
    },
    {
      "depth": 2590,
      "top": 2585.0,
      "bot": 2595.0,
      "WRCI": 45.24,
      "RQI": 0.6310665809866752,
      "risk_class": "Elevated",
      "flags": [
        "owc_high"
      ],
      "isolated": false,
      "evidence": {
        "pct_ss": 100,
        "grain_ordinal": 3,
        "poro_class": "fr",
        "hardness_score": 1.0,
        "fluor": 100.0,
        "avg_GR": 86.82122664018182,
        "avg_RES_DEEP": 27.19676211390909,
        "mTVDss": -1210.564219032258,
        "hafwl_m": 3.435780967741948,
        "owc_distance_m": 3.435780967741948,
        "owc_near": "High",
        "isolated": false
      }
    },
    {
      "depth": 3180,
      "top": 3175.0,
      "bot": 3183.0,
      "WRCI": 31.99,
      "RQI": 0.7998661311914324,
      "risk_class": "Elevated",
      "flags": [
        "owc_high"
      ],
      "isolated": false,
      "evidence": {
        "pct_ss": 100,
        "grain_ordinal": 5,
        "poro_class": "fr",
        "hardness_score": 1.0,
        "fluor": 100.0,
        "avg_GR": null,
        "avg_RES_DEEP": 50.32840024500001,
        "mTVDss": -1210.5272884470714,
        "hafwl_m": 3.4727115529285584,
        "owc_distance_m": 3.4727115529285584,
        "owc_near": "High",
        "isolated": false
      }
    },
    {
      "depth": 3170,
      "top": 3165.0,
      "bot": 3175.0,
      "WRCI": 31.15,
      "RQI": 0.7788187038713608,
      "risk_class": "Elevated",
      "flags": [
        "owc_high"
      ],
      "isolated": false,
      "evidence": {
        "pct_ss": 100,
        "grain_ordinal": 5,
        "poro_class": "fr",
        "hardness_score": 1.0,
        "fluor": 100.0,
        "avg_GR": 81.66348317458336,
        "avg_RES_DEEP": 50.03623338178787,
        "mTVDss": -1210.537761311123,
        "hafwl_m": 3.4622386888770507,
        "owc_distance_m": 3.4622386888770507,
        "owc_near": "High",
        "isolated": false
      }
    },
    {
      "depth": 3140,
      "top": 3135.0,
      "bot": 3145.0,
      "WRCI": 27.7,
      "RQI": 0.6923801947290767,
      "risk_class": "Elevated",
      "flags": [
        "owc_high"
      ],
      "isolated": false,
      "evidence": {
        "pct_ss": 100,
        "grain_ordinal": 4,
        "poro_class": "fr",
        "hardness_score": 1.0,
        "fluor": 100.0,
        "avg_GR": 91.39213018712121,
        "avg_RES_DEEP": 41.641409151469695,
        "mTVDss": -1210.8217287714733,
        "hafwl_m": 3.1782712285266825,
        "owc_distance_m": 3.1782712285266825,
        "owc_near": "High",
        "isolated": false
      }
    },
    {
      "depth": 2170,
      "top": 2165.0,
      "bot": 2175.0,
      "WRCI": 27.5,
      "RQI": 0.6875,
      "risk_class": "Low",
      "flags": [
        "ZOI"
      ],
      "isolated": false,
      "evidence": {
        "pct_ss": 100,
        "grain_ordinal": 5,
        "poro_class": "fr-gd",
        "hardness_score": 1.0,
        "fluor": 100.0,
        "avg_GR": 110.34527306175384,
        "avg_RES_DEEP": 36.99381531933847,
        "mTVDss": -1206.5138052045572,
        "hafwl_m": 7.4861947954427706,
        "owc_distance_m": 7.4861947954427706,
        "owc_near": "Low",
        "isolated": false
      }
    },
    {
      "depth": 3070,
      "top": 3065.0,
      "bot": 3075.0,
      "WRCI": 26.73,
      "RQI": 0.6683464763928033,
      "risk_class": "Elevated",
      "flags": [
        "owc_high"
      ],
      "isolated": false,
      "evidence": {
        "pct_ss": 100,
        "grain_ordinal": 4,
        "poro_class": "fr",
        "hardness_score": 1.0,
        "fluor": 100.0,
        "avg_GR": 89.1173381225,
        "avg_RES_DEEP": 30.880816633030303,
        "mTVDss": -1212.1491378955614,
        "hafwl_m": 1.8508621044386473,
        "owc_distance_m": 1.8508621044386473,
        "owc_near": "High",
        "isolated": false
      }
    },
    {
      "depth": 3150,
      "top": 3145.0,
      "bot": 3155.0,
      "WRCI": 26.07,
      "RQI": 0.6516642449846333,
      "risk_class": "Elevated",
      "flags": [
        "owc_high"
      ],
      "isolated": false,
      "evidence": {
        "pct_ss": 100,
        "grain_ordinal": 3,
        "poro_class": "fr",
        "hardness_score": 1.0,
        "fluor": 100.0,
        "avg_GR": 89.93651684853032,
        "avg_RES_DEEP": 49.90684376339394,
        "mTVDss": -1210.6563894594594,
        "hafwl_m": 3.343610540540567,
        "owc_distance_m": 3.343610540540567,
        "owc_near": "High",
        "isolated": false
      }
    },
    {
      "depth": 3160,
      "top": 3155.0,
      "bot": 3165.0,
      "WRCI": 26.06,
      "RQI": 0.6513897516540789,
      "risk_class": "Elevated",