{
  "alias": "STIMPEE7",
  "display": "STIMPEE 7",
  "flagged_zones": [
    {
      "depth": 2200.0,
      "top": 2195.0,
      "bot": 2205.0,
      "WRCI": 45.56,
      "RQI": 0.6389654589475573,
      "risk_class": "Elevated",
      "flags": [
        "ZOI",
        "owc_high"
      ],
      "isolated": false,
      "evidence": {
        "pct_ss": 100.0,
        "grain_ordinal": 0,
        "poro_class": "fr",
        "hardness_score": 0.7,
        "fluor": 100,
        "avg_GR": 75.94785430213636,
        "avg_RES_DEEP": 25.001499927363632,
        "mTVDss": -1210.0444875045532,
        "hafwl_m": 3.955512495446783,
        "owc_distance_m": 3.955512495446783,
        "owc_near": "High",
        "isolated": false
      }
    },
    {
      "depth": 2230.0,
      "top": 2225.0,
      "bot": 2235.0,
      "WRCI": 45.12,
      "RQI": 0.6280799052858187,
      "risk_class": "Elevated",
      "flags": [
        "owc_high"
      ],
      "isolated": false,
      "evidence": {
        "pct_ss": 100.0,
        "grain_ordinal": 0,
        "poro_class": "fr",
        "hardness_score": 0.7,
        "fluor": 100,
        "avg_GR": 78.22554825298485,
        "avg_RES_DEEP": 24.233944054863635,
        "mTVDss": -1210.017679788803,
        "hafwl_m": 3.9823202111970204,
        "owc_distance_m": 3.9823202111970204,
        "owc_near": "High",
        "isolated": false
      }
    },
    {
      "depth": 2190.0,
      "top": 2185.0,
      "bot": 2195.0,
      "WRCI": 36.56,
      "RQI": 0.6639447858964628,
      "risk_class": "Elevated",
      "flags": [
        "ZOI",
        "owc_elevated"
      ],
      "isolated": false,
      "evidence": {
        "pct_ss": 100.0,
        "grain_ordinal": 0,
        "poro_class": "fr",
        "hardness_score": 0.7,
        "fluor": 100,
        "avg_GR": 70.72117831892308,
        "avg_RES_DEEP": 27.585246159476924,
        "mTVDss": -1209.8052505066996,
        "hafwl_m": 4.194749493300378,
        "owc_distance_m": 4.194749493300378,
        "owc_near": "Elevated",
        "isolated": false
      }
    },
    {
      "depth": 2690.0,
      "top": 2685.0,
      "bot": 2695.0,
      "WRCI": 34.01,
      "RQI": 0.7502870310378669,
      "risk_class": "Elevated",
      "flags": [
        "owc_high"
      ],
      "isolated": false,
      "evidence": {
        "pct_ss": 100.0,
        "grain_ordinal": 0,
        "poro_class": "gd",
        "hardness_score": 1.0,
        "fluor": 80,
        "avg_GR": 80.4169687125077,
        "avg_RES_DEEP": 42.55062766443076,
        "mTVDss": -1211.9419991030888,
        "hafwl_m": 2.058000896911153,
        "owc_distance_m": 2.058000896911153,
        "owc_near": "High",
        "isolated": false
      }
    },
    {
      "depth": 2680.0,
      "top": 2675.0,
      "bot": 2685.0,
      "WRCI": 33.39,
      "RQI": 0.6348147498688392,
      "risk_class": "Elevated",
      "flags": [
        "lowfluor",
        "owc_high"
      ],
      "isolated": false,
      "evidence": {
        "pct_ss": 90.0,
        "grain_ordinal": 0,
        "poro_class": "gd",
        "hardness_score": 1.0,
        "fluor": 60,
        "avg_GR": 82.2047041691212,
        "avg_RES_DEEP": 50.29518936619697,
        "mTVDss": -1211.9149589674696,
        "hafwl_m": 2.0850410325303983,
        "owc_distance_m": 2.0850410325303983,
        "owc_near": "High",
        "isolated": false
      }
    },
    {
      "depth": 1970.0,
      "top": 1965.0,
      "bot": 1975.0,
      "WRCI": 32.71,
      "RQI": 0.6676779431498288,
      "risk_class": "Elevated",
      "flags": [
        "lowfluor"
      ],
      "isolated": false,
      "evidence": {
        "pct_ss": 100.0,
        "grain_ordinal": 0,
        "poro_class": "fr",
        "hardness_score": 1.0,
        "fluor": 70,
        "avg_GR": 75.94786222053031,
        "avg_RES_DEEP": 29.69793016260606,
        "mTVDss": -1208.4336499454819,
        "hafwl_m": 5.566350054518125,
        "owc_distance_m": 5.566350054518125,
        "owc_near": "Low",
        "isolated": false
      }
    },
    {
      "depth": 2080.0,
      "top": 2075.0,
      "bot": 2085.0,
      "WRCI": 31.51,
      "RQI": 0.6877160493827161,
      "risk_class": "Elevated",
      "flags": [
        "low_GR"
      ],
      "isolated": false,
      "evidence": {
        "pct_ss": 100.0,
        "grain_ordinal": 0,
        "poro_class": "fr",
        "hardness_score": 1.0,
        "fluor": 80,
        "avg_GR": 66.14842923477272,
        "avg_RES_DEEP": 38.69309691228787,
        "mTVDss": -1208.7130049269813,
        "hafwl_m": 5.286995073018716,
        "owc_distance_m": 5.286995073018716,
        "owc_near": "Low",
        "isolated": false
      }
    },
    {
      "depth": 2710.0,
      "top": 2705.0,
      "bot": 2715.0,
      "WRCI": 30.52,
      "RQI": 0.7629707029872007,
      "risk_class": "Elevated",
      "flags": [
        "owc_high"
      ],
      "isolated": false,
      "evidence": {
        "pct_ss": 100.0,
        "grain_ordinal": 0,
        "poro_class": "gd",
        "hardness_score": 1.0,
        "fluor": 100,
        "avg_GR": 77.92227231533845,
        "avg_RES_DEEP": 43.37807546763076,
        "mTVDss": -1211.928847060216,
        "hafwl_m": 2.0711529397840422,
        "owc_distance_m": 2.0711529397840422,
        "owc_near": "High",
        "isolated": false
      }
    },
    {
      "depth": 2700.0,
      "top": 2695.0,
      "bot": 2705.0,
      "WRCI": 30.2,
      "RQI": 0.6549996640372255,
      "risk_class": "Elevated",
      "flags": [
        "owc_high"
      ],
      "isolated": false,
      "evidence": {
        "pct_ss": 90.0,
        "grain_ordinal": 0,
        "poro_class": "gd",
        "hardness_score": 1.0,
        "fluor": 80,
        "avg_GR": 78.23462099019697,
        "avg_RES_DEEP": 40.51017570501514,
        "mTVDss": -1211.9558981098078,
        "hafwl_m": 2.0441018901922234,
        "owc_distance_m": 2.0441018901922234,
        "owc_near": "High",
        "isolated": false
      }
    },
    {
      "depth": 2380.0,
      "top": 2375.0,
      "bot": 2385.0,
      "WRCI": 30.12,
      "RQI": 0.7530332006384762,
      "risk_class": "Elevated",
      "flags": [
        "owc_high"
      ],
      "isolated": false,
      "evidence": {
        "pct_ss": 100.0,
        "grain_ordinal": 2,
        "poro_class": "fr",
        "hardness_score": 0.85,
        "fluor": 100,
        "avg_GR": 81.17464545271213,
        "avg_RES_DEEP": 31.13961676392424,
        "mTVDss": -1211.0522747208288,
        "hafwl_m": 2.947725279171209,
        "owc_distance_m": 2.947725279171209,
        "owc_near": "High",
        "isolated": false
      }
    },
    {
      "depth": 1735.0,
      "top": 1732.5,
      "bot": 1737.5,
      "WRCI": 29.86,
      "RQI": 0.7465658608070704,
      "risk_class": "Elevated",
      "flags": [
        "owc_high"
      ],
      "isolated": false,
      "evidence": {
        "pct_ss": 100.0,
        "grain_ordinal": 2,
        "poro_class": "fr",
        "hardness_score": 0.7,
        "fluor": 100,
        "avg_GR": 77.14741325378125,
        "avg_RES_DEEP": 47.233891010312504,
        "mTVDss": -1210.5179645304438,
        "hafwl_m": 3.4820354695561946,
        "owc_distance_m": 3.4820354695561946,
        "owc_near": "High",
        "isolated": false
      }
    },
    {
      "depth": 1745.0,
      "top": 1742.5,
      "bot": 1747.5,
      "WRCI": 28.97,
      "RQI": 0.7242357811403083,
      "risk_class": "Elevated",
      "flags": [
        "owc_high"
      ],
      "isolated": false,
      "evidence": {
        "pct_ss": 95.0,
        "grain_ordinal": 2,
        "poro_class": "fr",
        "hardness_score": 0.7,
        "fluor": 100,
        "avg_GR": 71.35775733715151,
        "avg_RES_DEEP": 48.02394566384848,
        "mTVDss": -1210.638148834431,
        "hafwl_m": 3.361851165569078,
        "owc_distance_m": 3.361851165569078,
        "owc_near": "High",
        "isolated": false
      }
    },
    {
      "depth": 1740.0,
      "top": 1737.5,