{
  "alias": "STIMPEE6",
  "display": "STIMPEE 6",
  "flagged_zones": [
    {
      "depth": 3186,
      "top": 3183.0,
      "bot": 3188.5,
      "WRCI": 51.99,
      "RQI": 0.7998661311914324,
      "risk_class": "Elevated",
      "flags": [
        "owc_high"
      ],
      "isolated": false,
      "evidence": {
        "pct_ss": 100,
        "grain_ordinal": 5,
        "poro_class": "fr",
        "hardness_score": 1.0,
        "fluor": 100.0,
        "avg_GR": null,
        "avg_RES_DEEP": null,
        "mTVDss": -1210.5210047286405,
        "hafwl_m": 3.4789952713595085,
        "owc_distance_m": 3.4789952713595085,
        "owc_near": "High",
        "isolated": false
      }
    },
    {
      "depth": 3180,
      "top": 3175.0,
      "bot": 3183.0,
      "WRCI": 31.99,
      "RQI": 0.7998661311914324,
      "risk_class": "Elevated",
      "flags": [
        "owc_high"
      ],
      "isolated": false,
      "evidence": {
        "pct_ss": 100,
        "grain_ordinal": 5,
        "poro_class": "fr",
        "hardness_score": 1.0,
        "fluor": 100.0,
        "avg_GR": null,
        "avg_RES_DEEP": 50.32840024500001,
        "mTVDss": -1210.5272884470714,
        "hafwl_m": 3.4727115529285584,
        "owc_distance_m": 3.4727115529285584,
        "owc_near": "High",
        "isolated": false
      }
    },
    {
      "depth": 3170,
      "top": 3165.0,
      "bot": 3175.0,
      "WRCI": 31.15,
      "RQI": 0.7788187038713608,
      "risk_class": "Elevated",
      "flags": [
        "owc_high"
      ],
      "isolated": false,
      "evidence": {
        "pct_ss": 100,
        "grain_ordinal": 5,
        "poro_class": "fr",
        "hardness_score": 1.0,
        "fluor": 100.0,
        "avg_GR": 81.66348317458336,
        "avg_RES_DEEP": 50.03623338178787,
        "mTVDss": -1210.537761311123,
        "hafwl_m": 3.4622386888770507,
        "owc_distance_m": 3.4622386888770507,
        "owc_near": "High",
        "isolated": false
      }
    },
    {
      "depth": 2170,
      "top": 2165.0,
      "bot": 2175.0,
      "WRCI": 27.5,
      "RQI": 0.6875,
      "risk_class": "Low",
      "flags": [
        "ZOI"
      ],
      "isolated": false,
      "evidence": {
        "pct_ss": 100,
        "grain_ordinal": 5,
        "poro_class": "fr-gd",
        "hardness_score": 1.0,
        "fluor": 100.0,
        "avg_GR": 110.34527306175384,
        "avg_RES_DEEP": 36.99381531933847,
        "mTVDss": -1206.5138052045572,
        "hafwl_m": 7.4861947954427706,
        "owc_distance_m": 7.4861947954427706,
        "owc_near": "Low",
        "isolated": false
      }
    },
    {
      "depth": 1690,
      "top": 1685.0,
      "bot": 1695.0,
      "WRCI": 25.27,
      "RQI": 0.6316666666666667,
      "risk_class": "Elevated",
      "flags": [
        "low_GR"
      ],
      "isolated": false,
      "evidence": {
        "pct_ss": 100,
        "grain_ordinal": 5,
        "poro_class": "fr",
        "hardness_score": 0.55,
        "fluor": 100.0,
        "avg_GR": 65.89381067681818,
        "avg_RES_DEEP": 47.23596821415151,
        "mTVDss": -1208.68511038602,
        "hafwl_m": 5.314889613980085,
        "owc_distance_m": 5.314889613980085,
        "owc_near": "Low",
        "isolated": false
      }
    },
    {
      "depth": 1700,
      "top": 1695.0,
      "bot": 1705.0,
      "WRCI": 25.27,
      "RQI": 0.6316666666666667,
      "risk_class": "Elevated",
      "flags": [
        "low_GR"
      ],
      "isolated": false,
      "evidence": {
        "pct_ss": 100,
        "grain_ordinal": 5,
        "poro_class": "fr",
        "hardness_score": 0.55,
        "fluor": 100.0,
        "avg_GR": 67.54252313463077,
        "avg_RES_DEEP": 48.48496152436923,
        "mTVDss": -1208.68860543036,
        "hafwl_m": 5.311394569640015,
        "owc_distance_m": 5.311394569640015,
        "owc_near": "Low",
        "isolated": false
      }
    },
    {
      "depth": 3150,
      "top": 3145.0,
      "bot": 3155.0,
      "WRCI": 24.2,
      "RQI": 0.6049975783179665,
      "risk_class": "Elevated",
      "flags": [
        "owc_high"
      ],
      "isolated": false,
      "evidence": {
        "pct_ss": 100,
        "grain_ordinal": 0,
        "poro_class": "fr",
        "hardness_score": 1.0,
        "fluor": 100.0,
        "avg_GR": 89.93651684853032,
        "avg_RES_DEEP": 49.90684376339394,
        "mTVDss": -1210.6563894594594,
        "hafwl_m": 3.343610540540567,
        "owc_distance_m": 3.343610540540567,
        "owc_near": "High",
        "isolated": false
      }
    },
    {
      "depth": 3160,
      "top": 3155.0,
      "bot": 3165.0,
      "WRCI": 24.19,
      "RQI": 0.6047230849874122,
      "risk_class": "Elevated",
      "flags": [
        "owc_high"
      ],
      "isolated": false,
      "evidence": {
        "pct_ss": 100,
        "grain_ordinal": 0,
        "poro_class": "fr",
        "hardness_score": 1.0,
        "fluor": 100.0,
        "avg_GR": 90.00366105292306,
        "avg_RES_DEEP": 47.34821384136924,
        "mTVDss": -1210.590066155023,
        "hafwl_m": 3.409933844977104,
        "owc_distance_m": 3.409933844977104,
        "owc_near": "High",
        "isolated": false
      }
    }
  ]
}