{
  "alias": "STIMPEE7",
  "display": "STIMPEE 7",
  "flagged_zones": [
    {
      "depth": 2200.0,
      "top": 2195.0,
      "bot": 2205.0,
      "WRCI": 45.56,
      "RQI": 0.6389654589475573,
      "risk_class": "Elevated",
      "flags": [
        "ZOI",
        "owc_high"
      ],
      "isolated": false,
      "evidence": {
        "pct_ss": 100.0,
        "grain_ordinal": 0,
        "poro_class": "fr",
        "hardness_score": 0.7,
        "fluor": 100,
        "avg_GR": 75.94785430213636,
        "avg_RES_DEEP": 25.001499927363632,
        "mTVDss": -1210.0444875045532,
        "hafwl_m": 3.955512495446783,
        "owc_distance_m": 3.955512495446783,
        "owc_near": "High",
        "isolated": false
      }
    },
    {
      "depth": 2230.0,
      "top": 2225.0,
      "bot": 2235.0,
      "WRCI": 45.12,
      "RQI": 0.6280799052858187,
      "risk_class": "Elevated",
      "flags": [
        "owc_high"
      ],
      "isolated": false,
      "evidence": {
        "pct_ss": 100.0,
        "grain_ordinal": 0,
        "poro_class": "fr",
        "hardness_score": 0.7,
        "fluor": 100,
        "avg_GR": 78.22554825298485,
        "avg_RES_DEEP": 24.233944054863635,
        "mTVDss": -1210.017679788803,
        "hafwl_m": 3.9823202111970204,
        "owc_distance_m": 3.9823202111970204,
        "owc_near": "High",
        "isolated": false
      }
    },
    {
      "depth": 2210.0,
      "top": 2205.0,
      "bot": 2215.0,
      "WRCI": 43.71,
      "RQI": 0.5926912690156682,
      "risk_class": "Elevated",
      "flags": [
        "owc_high"
      ],
      "isolated": false,
      "evidence": {
        "pct_ss": 100.0,
        "grain_ordinal": 0,
        "poro_class": "fr",
        "hardness_score": 0.7,
        "fluor": 100,
        "avg_GR": 85.63026879050001,
        "avg_RES_DEEP": 23.784900058393937,
        "mTVDss": -1210.092561234083,
        "hafwl_m": 3.9074387659170497,
        "owc_distance_m": 3.9074387659170497,
        "owc_near": "High",
        "isolated": false
      }
    },
    {
      "depth": 2740.0,
      "top": 2735.0,
      "bot": 2745.0,
      "WRCI": 42.87,
      "RQI": 0.5716965176639066,
      "risk_class": "Elevated",
      "flags": [
        "owc_high"
      ],
      "isolated": false,
      "evidence": {
        "pct_ss": 100.0,
        "grain_ordinal": 0,
        "poro_class": "gd",
        "hardness_score": 0.30000000000000004,
        "fluor": 100,
        "avg_GR": 89.27592597373847,
        "avg_RES_DEEP": 26.46207838795385,
        "mTVDss": -1211.810643343353,
        "hafwl_m": 2.189356656647078,
        "owc_distance_m": 2.189356656647078,
        "owc_near": "High",
        "isolated": false
      }
    },
    {
      "depth": 1970.0,
      "top": 1965.0,
      "bot": 1975.0,
      "WRCI": 42.71,
      "RQI": 0.6676779431498288,
      "risk_class": "Elevated",
      "flags": [
        "lowfluor",
        "owc_elevated"
      ],
      "isolated": false,
      "evidence": {
        "pct_ss": 100.0,
        "grain_ordinal": 0,
        "poro_class": "fr",
        "hardness_score": 1.0,
        "fluor": 70,
        "avg_GR": 75.94786222053031,
        "avg_RES_DEEP": 29.69793016260606,
        "mTVDss": -1208.4336499454819,
        "hafwl_m": 5.566350054518125,
        "owc_distance_m": 5.566350054518125,
        "owc_near": "Elevated",
        "isolated": false
      }
    },
    {
      "depth": 2220.0,
      "top": 2215.0,
      "bot": 2225.0,
      "WRCI": 42.23,
      "RQI": 0.5556497226106869,
      "risk_class": "Elevated",
      "flags": [
        "owc_high"
      ],
      "isolated": false,
      "evidence": {
        "pct_ss": 100.0,
        "grain_ordinal": 0,
        "poro_class": "fr",
        "hardness_score": 0.7,
        "fluor": 100,
        "avg_GR": 93.38084435132308,
        "avg_RES_DEEP": 24.094638354953847,
        "mTVDss": -1210.116798856427,
        "hafwl_m": 3.883201143572933,
        "owc_distance_m": 3.883201143572933,
        "owc_near": "High",
        "isolated": false
      }
    },
    {
      "depth": 2500.0,
      "top": 2495.0,
      "bot": 2505.0,
      "WRCI": 41.99,
      "RQI": 0.5498398638457476,
      "risk_class": "Elevated",
      "flags": [
        "owc_high"
      ],
      "isolated": false,
      "evidence": {
        "pct_ss": 100.0,
        "grain_ordinal": 0,
        "poro_class": "fr",
        "hardness_score": 1.0,
        "fluor": 100,
        "avg_GR": 79.11199673740907,
        "avg_RES_DEEP": 28.868672862212122,
        "mTVDss": -1210.6922821961093,
        "hafwl_m": 3.3077178038906823,
        "owc_distance_m": 3.3077178038906823,
        "owc_near": "High",
        "isolated": false
      }
    },
    {
      "depth": 2410.0,
      "top": 2405.0,
      "bot": 2415.0,
      "WRCI": 41.84,
      "RQI": 0.5458841465893678,
      "risk_class": "Elevated",
      "flags": [
        "owc_high"
      ],
      "isolated": true,
      "evidence": {
        "pct_ss": 100.0,
        "grain_ordinal": 0,
        "poro_class": "fr",
        "hardness_score": 0.55,
        "fluor": 100,
        "avg_GR": 74.13115755715151,
        "avg_RES_DEEP": 24.746609023121216,
        "mTVDss": -1211.1287255597167,
        "hafwl_m": 2.871274440283287,
        "owc_distance_m": 2.871274440283287,
        "owc_near": "High",
        "isolated": true
      }
    },
    {
      "depth": 1790.0,
      "top": 1785.0,
      "bot": 1795.0,
      "WRCI": 41.68,
      "RQI": 0.5419516335492549,
      "risk_class": "Elevated",
      "flags": [
        "owc_high"
      ],
      "isolated": false,
      "evidence": {
        "pct_ss": 100.0,
        "grain_ordinal": 0,
        "poro_class": "fr",
        "hardness_score": 0.7,
        "fluor": 100,
        "avg_GR": 85.9141906969091,
        "avg_RES_DEEP": 25.41126973698485,
        "mTVDss": -1210.5066335428353,
        "hafwl_m": 3.4933664571647114,
        "owc_distance_m": 3.4933664571647114,
        "owc_near": "High",
        "isolated": false
      }
    },
    {
      "depth": 2430.0,
      "top": 2425.0,
      "bot": 2435.0,
      "WRCI": 41.58,
      "RQI": 0.5394412365922966,
      "risk_class": "Elevated",
      "flags": [
        "owc_high"
      ],
      "isolated": true,
      "evidence": {
        "pct_ss": 100.0,
        "grain_ordinal": 0,
        "poro_class": "fr",
        "hardness_score": 0.55,
        "fluor": 100,
        "avg_GR": 75.47927246083077,
        "avg_RES_DEEP": 26.695453790538462,
        "mTVDss": -1211.2161222265904,
        "hafwl_m": 2.7838777734095856,
        "owc_distance_m": 2.7838777734095856,
        "owc_near": "High",
        "isolated": true
      }
    },
    {
      "depth": 2190.0,
      "top": 2185.0,
      "bot": 2195.0,
      "WRCI": 36.56,
      "RQI": 0.6639447858964628,
      "risk_class": "Elevated",
      "flags": [
        "ZOI",
        "owc_elevated"
      ],
      "isolated": false,
      "evidence": {
        "pct_ss": 100.0,
        "grain_ordinal": 0,
        "poro_class": "fr",
        "hardness_score": 0.7,
        "fluor": 100,
        "avg_GR": 70.72117831892308,
        "avg_RES_DEEP": 27.585246159476924,
        "mTVDss": -1209.8052505066996,
        "hafwl_m": 4.194749493300378,
        "owc_distance_m": 4.194749493300378,
        "owc_near": "Elevated",
        "isolated": false
      }
    },
    {
      "depth": 2680.0,
      "top": 2675.0,
      "bot": 2685.0,
      "WRCI": 33.39,
      "RQI": 0.6348147498688392,
      "risk_class": "Elevated",
      "flags": [
        "lowfluor"
      ],
      "isolated": false,
      "evidence": {
        "pct_ss": 90.0,
        "grain_ordinal": 0,
        "poro_class": "gd",
        "hardness_score": 1.0,
        "fluor": 60,
        "avg_GR": 82.2047041691212,
        "avg_RES_DEEP": 50.29518936619697,
        "mTVDss": -1211.9149589674696,
        "hafwl_m": 2.0850410325303983,
        "owc_distance_m": 2.0850410325303983,
        "owc_near": "Low",