{
  "alias": "STIMPEE6",
  "display": "STIMPEE 6",
  "flagged_zones": [
    {
      "depth": 3186,
      "top": 3183.0,
      "bot": 3188.5,
      "WRCI": 51.99,
      "RQI": 0.7998661311914324,
      "risk_class": "Elevated",
      "flags": [
        "owc_high"
      ],
      "isolated": false,
      "evidence": {
        "pct_ss": 100,
        "grain_ordinal": 5,
        "poro_class": "fr",
        "hardness_score": 1.0,
        "fluor": 100.0,
        "avg_GR": null,
        "avg_RES_DEEP": null,
        "mTVDss": -1210.5210047286405,
        "hafwl_m": 3.4789952713595085,
        "owc_distance_m": 3.4789952713595085,
        "owc_near": "High",
        "isolated": false
      }
    },
    {
      "depth": 2610,
      "top": 2605.0,
      "bot": 2615.0,
      "WRCI": 45.26,
      "RQI": 0.5315840029102229,
      "risk_class": "Elevated",
      "flags": [
        "ZOI",
        "owc_high"
      ],
      "isolated": false,
      "evidence": {
        "pct_ss": 90,
        "grain_ordinal": 0,
        "poro_class": "fr",
        "hardness_score": 1.0,
        "fluor": 80.0,
        "avg_GR": 80.55539222127692,
        "avg_RES_DEEP": 24.405666087246153,
        "mTVDss": -1210.8177738453608,
        "hafwl_m": 3.1822261546392383,
        "owc_distance_m": 3.1822261546392383,
        "owc_near": "High",
        "isolated": false
      }
    },
    {
      "depth": 3110,
      "top": 3105.0,
      "bot": 3115.0,
      "WRCI": 44.29,
      "RQI": 0.5572222222222222,
      "risk_class": "Elevated",
      "flags": [
        "ZOI",
        "owc_high"
      ],
      "isolated": false,
      "evidence": {
        "pct_ss": 100,
        "grain_ordinal": 0,
        "poro_class": "fr",
        "hardness_score": 1.0,
        "fluor": 90.0,
        "avg_GR": 113.79068263123077,
        "avg_RES_DEEP": 24.601733955953843,
        "mTVDss": -1211.5149360416667,
        "hafwl_m": 2.485063958333285,
        "owc_distance_m": 2.485063958333285,
        "owc_near": "High",
        "isolated": false
      }
    },
    {
      "depth": 2600,
      "top": 2595.0,
      "bot": 2605.0,
      "WRCI": 43.48,
      "RQI": 0.5869517277990989,
      "risk_class": "Elevated",
      "flags": [
        "owc_high"
      ],
      "isolated": false,
      "evidence": {
        "pct_ss": 100,
        "grain_ordinal": 0,
        "poro_class": "fr",
        "hardness_score": 1.0,
        "fluor": 100.0,
        "avg_GR": 86.19702391195455,
        "avg_RES_DEEP": 23.904563585893943,
        "mTVDss": -1210.6921140515462,
        "hafwl_m": 3.307885948453759,
        "owc_distance_m": 3.307885948453759,
        "owc_near": "High",
        "isolated": false
      }
    },
    {
      "depth": 2590,
      "top": 2585.0,
      "bot": 2595.0,
      "WRCI": 43.38,
      "RQI": 0.5843999143200086,
      "risk_class": "Elevated",
      "flags": [
        "owc_high"
      ],
      "isolated": false,
      "evidence": {
        "pct_ss": 100,
        "grain_ordinal": 0,
        "poro_class": "fr",
        "hardness_score": 1.0,
        "fluor": 100.0,
        "avg_GR": 86.82122664018182,
        "avg_RES_DEEP": 27.19676211390909,
        "mTVDss": -1210.564219032258,
        "hafwl_m": 3.435780967741948,
        "owc_distance_m": 3.435780967741948,
        "owc_near": "High",
        "isolated": false
      }
    },
    {
      "depth": 3100,
      "top": 3095.0,
      "bot": 3105.0,
      "WRCI": 42.45,
      "RQI": 0.561327484431097,
      "risk_class": "Elevated",
      "flags": [
        "owc_high"
      ],
      "isolated": false,
      "evidence": {
        "pct_ss": 100,
        "grain_ordinal": 0,
        "poro_class": "fr",
        "hardness_score": 1.0,
        "fluor": 100.0,
        "avg_GR": 108.77243481336363,
        "avg_RES_DEEP": 28.532850063227272,
        "mTVDss": -1211.7242912853471,
        "hafwl_m": 2.2757087146528647,
        "owc_distance_m": 2.2757087146528647,
        "owc_near": "High",
        "isolated": false
      }
    },
    {
      "depth": 2570,
      "top": 2565.0,
      "bot": 2575.0,
      "WRCI": 42.26,
      "RQI": 0.556474743285451,
      "risk_class": "Elevated",
      "flags": [
        "owc_high"
      ],
      "isolated": false,
      "evidence": {
        "pct_ss": 100,
        "grain_ordinal": 0,
        "poro_class": "none",
        "hardness_score": 1.0,
        "fluor": 100.0,
        "avg_GR": 85.90601406671213,
        "avg_RES_DEEP": 26.409075737,
        "mTVDss": -1210.297133313253,
        "hafwl_m": 3.7028666867470292,
        "owc_distance_m": 3.7028666867470292,
        "owc_near": "High",
        "isolated": false
      }
    },
    {
      "depth": 2580,
      "top": 2575.0,
      "bot": 2585.0,
      "WRCI": 40.6,
      "RQI": 0.5150586708538355,
      "risk_class": "Elevated",
      "flags": [
        "owc_high"
      ],
      "isolated": false,
      "evidence": {
        "pct_ss": 95,
        "grain_ordinal": 0,
        "poro_class": "none",
        "hardness_score": 1.0,
        "fluor": 100.0,
        "avg_GR": 86.44425365736925,
        "avg_RES_DEEP": 28.91256919276923,
        "mTVDss": -1210.4263448915917,
        "hafwl_m": 3.573655108408275,
        "owc_distance_m": 3.573655108408275,
        "owc_near": "High",
        "isolated": false
      }
    },
    {
      "depth": 2170,
      "top": 2165.0,
      "bot": 2175.0,
      "WRCI": 27.5,
      "RQI": 0.6875,
      "risk_class": "Low",
      "flags": [
        "ZOI"
      ],
      "isolated": false,
      "evidence": {
        "pct_ss": 100,
        "grain_ordinal": 5,
        "poro_class": "fr-gd",
        "hardness_score": 1.0,
        "fluor": 100.0,
        "avg_GR": 110.34527306175384,
        "avg_RES_DEEP": 36.99381531933847,
        "mTVDss": -1206.5138052045572,
        "hafwl_m": 7.4861947954427706,
        "owc_distance_m": 7.4861947954427706,
        "owc_near": "Low",
        "isolated": false
      }
    },
    {
      "depth": 1690,
      "top": 1685.0,
      "bot": 1695.0,
      "WRCI": 25.27,
      "RQI": 0.6316666666666667,
      "risk_class": "Elevated",
      "flags": [
        "low_GR"
      ],
      "isolated": false,
      "evidence": {
        "pct_ss": 100,
        "grain_ordinal": 5,
        "poro_class": "fr",
        "hardness_score": 0.55,
        "fluor": 100.0,
        "avg_GR": 65.89381067681818,
        "avg_RES_DEEP": 47.23596821415151,
        "mTVDss": -1208.68511038602,
        "hafwl_m": 5.314889613980085,
        "owc_distance_m": 5.314889613980085,
        "owc_near": "Low",
        "isolated": false
      }
    },
    {
      "depth": 1700,
      "top": 1695.0,
      "bot": 1705.0,
      "WRCI": 25.27,
      "RQI": 0.6316666666666667,
      "risk_class": "Elevated",
      "flags": [
        "low_GR"
      ],
      "isolated": false,
      "evidence": {
        "pct_ss": 100,
        "grain_ordinal": 5,
        "poro_class": "fr",
        "hardness_score": 0.55,
        "fluor": 100.0,
        "avg_GR": 67.54252313463077,
        "avg_RES_DEEP": 48.48496152436923,
        "mTVDss": -1208.68860543036,
        "hafwl_m": 5.311394569640015,
        "owc_distance_m": 5.311394569640015,
        "owc_near": "Low",
        "isolated": false
      }
    },
    {
      "depth": 2630,
      "top": 2625.0,
      "bot": 2635.0,
      "WRCI": 24.93,
      "RQI": 0.5231272258356643,
      "risk_class": "Low",
      "flags": [
        "ZOI"
      ],
      "isolated": false,
      "evidence": {
        "pct_ss": 90,
        "grain_ordinal": 0,
        "poro_class": "fr",
        "hardness_score": 1.0,
        "fluor": 80.0,
        "avg_GR": 82.62401650169697,
        "avg_RES_DEEP": 33.913315195,
        "mTVDss": -1210.8053863507107,
        "hafwl_m": 3.1946136492892947,
        "owc_distance_m": 3.1946136492892947,
        "owc_near": "Low",
        "isolated": false
      }
    },
    {
      "depth": 2670,
      "top": 2665.0,
      "bot": 2675.0,
      "WRCI": 21.86,
      "RQI": 0.5463888888888889,
      "risk_class": "Elevated",