{
  "alias": "STIMPEE7",
  "display": "STIMPEE 7",
  "flagged_zones": [
    {
      "depth": 2200.0,
      "top": 2195.0,
      "bot": 2205.0,
      "WRCI": 45.56,
      "RQI": 0.6389654589475573,
      "risk_class": "Elevated",
      "flags": [
        "ZOI",
        "owc_high"
      ],
      "isolated": false,
      "evidence": {
        "pct_ss": 100.0,
        "grain_ordinal": 0,
        "poro_class": "fr",
        "hardness_score": 0.7,
        "fluor": 100,
        "avg_GR": 75.94785430213636,
        "avg_RES_DEEP": 25.001499927363632,
        "mTVDss": -1210.0444875045532,
        "hafwl_m": 3.955512495446783,
        "owc_distance_m": 3.955512495446783,
        "owc_near": "High",
        "isolated": false
      }
    },
    {
      "depth": 2230.0,
      "top": 2225.0,
      "bot": 2235.0,
      "WRCI": 45.12,
      "RQI": 0.6280799052858187,
      "risk_class": "Elevated",
      "flags": [
        "owc_high"
      ],
      "isolated": false,
      "evidence": {
        "pct_ss": 100.0,
        "grain_ordinal": 0,
        "poro_class": "fr",
        "hardness_score": 0.7,
        "fluor": 100,
        "avg_GR": 78.22554825298485,
        "avg_RES_DEEP": 24.233944054863635,
        "mTVDss": -1210.017679788803,
        "hafwl_m": 3.9823202111970204,
        "owc_distance_m": 3.9823202111970204,
        "owc_near": "High",
        "isolated": false
      }
    },
    {
      "depth": 2190.0,
      "top": 2185.0,
      "bot": 2195.0,
      "WRCI": 36.56,
      "RQI": 0.6639447858964628,
      "risk_class": "Elevated",
      "flags": [
        "ZOI",
        "owc_elevated"
      ],
      "isolated": false,
      "evidence": {
        "pct_ss": 100.0,
        "grain_ordinal": 0,
        "poro_class": "fr",
        "hardness_score": 0.7,
        "fluor": 100,
        "avg_GR": 70.72117831892308,
        "avg_RES_DEEP": 27.585246159476924,
        "mTVDss": -1209.8052505066996,
        "hafwl_m": 4.194749493300378,
        "owc_distance_m": 4.194749493300378,
        "owc_near": "Elevated",
        "isolated": false
      }
    },
    {
      "depth": 2680.0,
      "top": 2675.0,
      "bot": 2685.0,
      "WRCI": 33.39,
      "RQI": 0.6348147498688392,
      "risk_class": "Elevated",
      "flags": [
        "lowfluor"
      ],
      "isolated": false,
      "evidence": {
        "pct_ss": 90.0,
        "grain_ordinal": 0,
        "poro_class": "gd",
        "hardness_score": 1.0,
        "fluor": 60,
        "avg_GR": 82.2047041691212,
        "avg_RES_DEEP": 50.29518936619697,
        "mTVDss": -1211.9149589674696,
        "hafwl_m": 2.0850410325303983,
        "owc_distance_m": 2.0850410325303983,
        "owc_near": "Low",
        "isolated": false
      }
    },
    {
      "depth": 1970.0,
      "top": 1965.0,
      "bot": 1975.0,
      "WRCI": 32.71,
      "RQI": 0.6676779431498288,
      "risk_class": "Elevated",
      "flags": [
        "lowfluor"
      ],
      "isolated": false,
      "evidence": {
        "pct_ss": 100.0,
        "grain_ordinal": 0,
        "poro_class": "fr",
        "hardness_score": 1.0,
        "fluor": 70,
        "avg_GR": 75.94786222053031,
        "avg_RES_DEEP": 29.69793016260606,
        "mTVDss": -1208.4336499454819,
        "hafwl_m": 5.566350054518125,
        "owc_distance_m": 5.566350054518125,
        "owc_near": "Low",
        "isolated": false
      }
    },
    {
      "depth": 2080.0,
      "top": 2075.0,
      "bot": 2085.0,
      "WRCI": 31.51,
      "RQI": 0.6877160493827161,
      "risk_class": "Elevated",
      "flags": [
        "low_GR"
      ],
      "isolated": false,
      "evidence": {
        "pct_ss": 100.0,
        "grain_ordinal": 0,
        "poro_class": "fr",
        "hardness_score": 1.0,
        "fluor": 80,
        "avg_GR": 66.14842923477272,
        "avg_RES_DEEP": 38.69309691228787,
        "mTVDss": -1208.7130049269813,
        "hafwl_m": 5.286995073018716,
        "owc_distance_m": 5.286995073018716,
        "owc_near": "Low",
        "isolated": false
      }
    },
    {
      "depth": 2370.0,
      "top": 2365.0,
      "bot": 2375.0,
      "WRCI": 26.73,
      "RQI": 0.6682806393787222,
      "risk_class": "Elevated",
      "flags": [
        "low_GR"
      ],
      "isolated": false,
      "evidence": {
        "pct_ss": 100.0,
        "grain_ordinal": 0,
        "poro_class": "fr",
        "hardness_score": 0.85,
        "fluor": 100,
        "avg_GR": 69.61466780446155,
        "avg_RES_DEEP": 37.003400069,
        "mTVDss": -1210.9897387203232,
        "hafwl_m": 3.010261279676797,
        "owc_distance_m": 3.010261279676797,
        "owc_near": "Low",
        "isolated": false
      }
    },
    {
      "depth": 2010.0,
      "top": 2005.0,
      "bot": 2015.0,
      "WRCI": 26.6,
      "RQI": 0.665,
      "risk_class": "Elevated",
      "flags": [
        "low_GR"
      ],
      "isolated": false,
      "evidence": {
        "pct_ss": 100.0,
        "grain_ordinal": 0,
        "poro_class": "fr",
        "hardness_score": 1.0,
        "fluor": 100,
        "avg_GR": 65.08538736196924,
        "avg_RES_DEEP": 38.68747065615384,
        "mTVDss": -1208.4768060430583,
        "hafwl_m": 5.523193956941668,
        "owc_distance_m": 5.523193956941668,
        "owc_near": "Low",
        "isolated": false
      }
    },
    {
      "depth": 2020.0,
      "top": 2015.0,
      "bot": 2025.0,
      "WRCI": 26.6,
      "RQI": 0.665,
      "risk_class": "Elevated",
      "flags": [
        "low_GR",
        "ZOI"
      ],
      "isolated": false,
      "evidence": {
        "pct_ss": 100.0,
        "grain_ordinal": 0,
        "poro_class": "fr",
        "hardness_score": 1.0,
        "fluor": 100,
        "avg_GR": 62.82636203181817,
        "avg_RES_DEEP": 34.56343173980302,
        "mTVDss": -1208.4888255208816,
        "hafwl_m": 5.511174479118381,
        "owc_distance_m": 5.511174479118381,
        "owc_near": "Low",
        "isolated": false
      }
    },
    {
      "depth": 2030.0,
      "top": 2025.0,
      "bot": 2035.0,
      "WRCI": 26.6,
      "RQI": 0.665,
      "risk_class": "Elevated",
      "flags": [
        "low_GR"
      ],
      "isolated": false,
      "evidence": {
        "pct_ss": 100.0,
        "grain_ordinal": 0,
        "poro_class": "fr",
        "hardness_score": 1.0,
        "fluor": 100,
        "avg_GR": 62.970057574136376,
        "avg_RES_DEEP": 39.29400155030303,
        "mTVDss": -1208.528546139784,
        "hafwl_m": 5.471453860215888,
        "owc_distance_m": 5.471453860215888,
        "owc_near": "Low",
        "isolated": false
      }
    },
    {
      "depth": 1870.0,
      "top": 1865.0,
      "bot": 1875.0,
      "WRCI": 26.28,
      "RQI": 0.6568931004551316,
      "risk_class": "Elevated",
      "flags": [
        "low_GR"
      ],
      "isolated": false,
      "evidence": {
        "pct_ss": 100.0,
        "grain_ordinal": 0,
        "poro_class": "fr",
        "hardness_score": 0.85,
        "fluor": 100,
        "avg_GR": 66.41766212922727,
        "avg_RES_DEEP": 43.67981188227272,
        "mTVDss": -1208.3430177613884,
        "hafwl_m": 5.65698223861159,
        "owc_distance_m": 5.65698223861159,
        "owc_near": "Low",
        "isolated": false
      }
    },
    {
      "depth": 2000.0,
      "top": 1995.0,
      "bot": 2005.0,
      "WRCI": 26.22,
      "RQI": 0.6556069231178596,
      "risk_class": "Elevated",
      "flags": [
        "low_GR"
      ],
      "isolated": false,
      "evidence": {
        "pct_ss": 100.0,
        "grain_ordinal": 0,
        "poro_class": "fr",
        "hardness_score": 1.0,
        "fluor": 100,
        "avg_GR": 68.14076053736363,
        "avg_RES_DEEP": 41.60434254736364,
        "mTVDss": -1208.4685528399737,
        "hafwl_m": 5.531447160026346,
        "owc_distance_m": 5.531447160026346,
        "owc_near": "Low",
        "isolated": false
      }
    },
    {
      "depth": 2040.0,
      "top": 2035.0,
      "bot": 2045.0,
      "WRCI": 24.34,