{
  "alias": "STIMPEE6",
  "display": "STIMPEE 6",
  "flagged_zones": [
    {
      "depth": 3186,
      "top": 3183.0,
      "bot": 3188.5,
      "WRCI": 41.99,
      "RQI": 0.7998661311914324,
      "risk_class": "Elevated",
      "flags": [
        "owc_elevated"
      ],
      "evidence": {
        "pct_ss": 100,
        "grain_ordinal": 5,
        "poro_class": "fr",
        "hardness_score": 1.0,
        "fluor": 100.0,
        "avg_GR": null,
        "avg_RES_DEEP": null,
        "mTVDss": -1210.5210047286405,
        "owc_distance_m": 3.4789952713595085,
        "owc_near": "Elevated"
      }
    },
    {
      "depth": 2170,
      "top": 2165.0,
      "bot": 2175.0,
      "WRCI": 27.5,
      "RQI": 0.6875,
      "risk_class": "Low",
      "flags": [
        "ZOI"
      ],
      "evidence": {
        "pct_ss": 100,
        "grain_ordinal": 5,
        "poro_class": "fr-gd",
        "hardness_score": 1.0,
        "fluor": 100.0,
        "avg_GR": 110.34527306175384,
        "avg_RES_DEEP": 36.99381531933847,
        "mTVDss": -1206.5138052045572,
        "owc_distance_m": 7.4861947954427706,
        "owc_near": "Low"
      }
    },
    {
      "depth": 1690,
      "top": 1685.0,
      "bot": 1695.0,
      "WRCI": 25.27,
      "RQI": 0.6316666666666667,
      "risk_class": "Elevated",
      "flags": [
        "low_GR"
      ],
      "evidence": {
        "pct_ss": 100,
        "grain_ordinal": 5,
        "poro_class": "fr",
        "hardness_score": 0.55,
        "fluor": 100.0,
        "avg_GR": 65.89381067681818,
        "avg_RES_DEEP": 47.23596821415151,
        "mTVDss": -1208.68511038602,
        "owc_distance_m": 5.314889613980085,
        "owc_near": "Low"
      }
    },
    {
      "depth": 1700,
      "top": 1695.0,
      "bot": 1705.0,
      "WRCI": 25.27,
      "RQI": 0.6316666666666667,
      "risk_class": "Elevated",
      "flags": [
        "low_GR"
      ],
      "evidence": {
        "pct_ss": 100,
        "grain_ordinal": 5,
        "poro_class": "fr",
        "hardness_score": 0.55,
        "fluor": 100.0,
        "avg_GR": 67.54252313463077,
        "avg_RES_DEEP": 48.48496152436923,
        "mTVDss": -1208.68860543036,
        "owc_distance_m": 5.311394569640015,
        "owc_near": "Low"
      }
    }
  ]
}